nID;nID_SubjectOrganJoin;sName_UA;sID_UA
1;1152;Служба боротьби з контрабандою та порушеннями митних правил;10000 00 01
2;1152;Відділ кадрової роботи;10000 00 02
3;1152;Відділ митних платежів;10000 00 03
4;1152;Відділ митних інформаційних технологій;10000 00 04
5;1152;Відділ організації митного контролю;10000 00 05
6;1152;Господарсько-експлуатаційний відділ;10000 00 06
7;1152;М/п "Енергетичний";10024 00 00
8;1152;Сектор митного оформлення N 1 митного поста "Енергетичний";10024 00 01
9;1152;Сектор митного оформлення N 2 митного поста "Енергетичний";10024 00 02
10;1152;Сектор митного оформлення N 3 митного поста "Енергетичний";10024 00 03
11;1152;Сектор митного оформлення N 4 митного поста "Енергетичний";10024 00 04
12;1152;Сектор митного оформлення N 5 митного поста "Енергетичний";10024 00 05
13;1152;М/п "Західний";10025 00 00
14;1152;М/п "Східний";10026 00 00
15;1152;М/п "Столичний";10027 00 00
16;1152;М/п "Аеропорт "Київ" (Жуляни)";10028 00 00
17;1152;П/п "Аеропорт "Київ" (Жуляни)";10028 01 00 (130)
18;1152;М/п "Спеціалізований";10029 00 00
19;1152;Пункт контролю на залізничній станції "Київ-Пасажирський";10029 03 00 (120)
20;1152;Відділ митного оформлення N 1 митного поста "Спеціалізований";10029 03 01
21;1152;Відділ митного оформлення N 2 митного поста "Спеціалізований";10029 00 02
22;1152;Відділ митного оформлення N 3 митного поста "Спеціалізований";10029 00 03
23;1153;Служба боротьби з контрабандою та порушеннями митних правил;10100 00 01
24;1153;Відділ кадрової роботи;10100 00 02
25;1153;Відділ митних платежів;10100 00 03
26;1153;Сектор контролю митної вартості відділу митних платежів;10100 00 04
27;1153;Сектор класифікації товарів відділу митних платежів;10100 00 05
28;1153;Відділ митних інформаційних технологій;10100 00 06
29;1153;Відділ організації митного контролю;10100 00 07
30;1153;Сектор контролю за переміщенням товарів відділу організації митного контролю;10100 00 08
31;1153;М/п "Коростень";10103 00 00
32;1153;П/п "Виступовичі - Словечно" (пункт контролю на станції "Коростень");10103 06 00 (122)
33;1153;Відділ митного оформлення митного поста "Коростень";10103 06 01
34;1153;М/п "Новоград-Волинський";10104 00 00
35;1153;Сектор митного оформлення "Баранівка" митного поста "Новоград-Волинський";10104 00 01
36;1153;М/п "Бердичів";10105 00 00
37;1153;М/п "Житомир - центральний";10106 00 00
38;1153;Сектор митного оформлення "Коростишів" митного поста "Житомир - центральний";10106 00 01
39;1153;М/п "Малин";10110 00 00
40;1153;Сектор митного оформлення "Володарськ-Волинський" митного поста "Малин";10110 00 01
41;1153;М/п "Північний";10111 00 00
42;1153;Сектор митного оформлення "Овруч" митного поста "Північний";10111 00 01
43;1153;Сектор митного оформлення "Олевськ" митного поста "Північний";10111 00 02
44;1153;П/п "Майдан Копищанський - Глушкевичі";10111 02 00 (212)
45;1153;Відділ митного оформлення "Майдан Копищанський" митного поста "Північний";10111 02 03
46;1153;П/п "Виступовичі - Нова Рудня";10111 03 00 (112)
47;1153;Відділ митного оформлення "Виступовичі" митного поста "Північний";10111 03 04
48;1153;П/п "Вільча - Олександрівка";10111 04 00 (212)
49;1153;Відділ митного оформлення "Вільча" митного поста "Північний";10111 04 05
50;1153;П/п "Виступовичі - Словечно" (пункт контролю на станції "Овруч");10111 05 00 (122)
51;1153;Відділ митного оформлення "Залізничний" митного поста "Північний";10111 05 06
52;1154;Служба боротьби з контрабандою та порушеннями митних правил;10200 00 01
53;1154;Відділ кадрової роботи;10200 00 02
54;1154;Відділ митних платежів;10200 00 03
55;1154;Відділ митних інформаційних технологій;10200 00 04
56;1154;Відділ організації митного контролю;10200 00 05
57;1154;Сектор контролю за переміщенням товарів відділу організації митного контролю;10200 00 06
58;1154;П/п "Горностаївка - Терюха" (пункт контролю на станції "Чернігів");10200 04 00 (122)
59;1154;Відділ митного оформлення;10200 04 07
60;1154;М/п "Енергія";10201 00 00
61;1154;Сектор митного оформлення N 1 митного поста "Енергія";10201 00 01
62;1154;П/п "Славутич - Комарин";10201 01 00 (112)
63;1154;Відділ митного оформлення N 1 "Славутич - Комарин" митного поста "Енергія";10201 01 02
64;1154;М/п "Нові Яриловичі";10203 00 00
65;1154;П/п "Нові Яриловичі - Нова Гута";10203 02 00 (112)
66;1154;П/п "Неданчичі - Іолча" (станція "Iолча");10203 13 00 (122)
67;1154;М/п "Прилуки";10204 00 00
68;1154;Сектор митного оформлення N 1 митного поста "Прилуки";10204 00 01
69;1154;Сектор митного оформлення N 2 митного поста "Прилуки";10204 00 02
70;1154;М/п "Сеньківка";10205 00 00
71;1154;П/п "Сеньківка - Нові Юрковичі";10205 03 00 (111)
72;1154;П/п "Сеньківка - Веселівка";10205 12 00 (112)
73;1154;М/п "Щорс";10207 00 00
74;1154;П/п "Щорс - Терехівка" (станція "Щорс");10207 05 00 (122)
75;1154;Відділ митного оформлення N 1 митного поста "Щорс";10207 05 01
76;1154;Відділ митного оформлення N 2 митного поста "Щорс";10207 00 02
77;1154;М/п "Новгород-Сіверський";10209 00 00
78;1154;М/п "Грем'яч";10210 00 00
79;1154;П/п "Грем'яч - Погар";10210 10 00 (111)
80;1154;М/п "Чернігів - вантажний";10211 00 00
81;1154;М/п "Миколаївка";10212 00 00
82;1154;П/п "Миколаївка - Ломаківка";10212 11 00 (211)
83;1154;М/п "Хоробичі";10213 00 00
84;1154;П/п "Щорс - Терехівка" (пункт контролю на станції "Хоробичі");10213 09 00 (122)
85;1154;М/п "Горностаївка";10214 00 00
86;1154;П/п "Горностаївка - Терюха" (станція "Горностаївка");10214 08 00 (122)
87;1155;Служба боротьби з контрабандою та порушеннями митних правил;11000 00 01
88;1155;Відділ кадрової роботи;11000 00 02
89;1155;Відділ митних платежів;11000 00 03
90;1155;Відділ митних інформаційних технологій;11000 00 04
91;1155;Відділ фінансів, бухгалтерського обліку та звітності;11000 00 05
92;1155;Відділ організації митного контролю;11000 00 06
93;1155;М/п "Дніпродзержинськ";11001 00 00
94;1155;Сектор митного оформлення "Вільногірськ" митного поста "Дніпродзержинськ";11001 00 01
95;1155;М/п "Павлоград";11002 00 00
96;1155;М/п "Дніпропетровськ - аеропорт";11003 00 00
97;1155;П/п "Дніпропетровськ - аеропорт";11003 01 00 (130)
98;1155;М/п "Новомосковськ";11004 00 00
99;1155;М/п "Кривий Ріг";11005 00 00
100;1155;П/п "Кривий Ріг - аеропорт";11005 02 00 (130)
101;1155;Відділ митного оформлення "Криворіжсталь" митного поста "Кривий Ріг";11005 00 01
102;1155;Сектор митного оформлення "Південний" відділу митного оформлення "Криворіжсталь" митного поста "Кривий Ріг";11005 00 02
103;1155;Сектор митного оформлення "Північний" відділу митного оформлення "Криворіжсталь" митного поста "Кривий Ріг";11005 00 03
104;1155;Відділ митного оформлення "Кривбас" митного поста "Кривий Ріг";11005 00 04
105;1155;М/п "Дніпропетровськ - Ліски";11007 00 00
106;1155;М/п "Дніпропетровськ - південний";11008 00 00
107;1155;М/п "Нікополь";11009 00 00
108;1155;М/п "Дніпропетровськ - лівобережний";11010 00 00
109;1155;М/п "Дніпропетровськ - транспортний";11011 00 00
110;1155;М/п "Дніпропетровськ - річпорт";11012 00 00
111;1155;М/п "Дніпропетровськ - індустріальний";11013 00 00
112;1156;Служба боротьби з контрабандою та порушеннями митних правил;11200 00 01
113;1156;Відділ кадрової роботи;11200 00 02
114;1156;Відділ митних платежів;11200 00 03
115;1156;Відділ митних інформаційних технологій;11200 00 04
116;1156;Відділ організації митного контролю;11200 00 05
117;1156;Відділ митного аудиту;11200 00 06
118;1156;М/п "Запоріжжя - аеропорт";11201 00 00
119;1156;П/п "Запоріжжя - аеропорт";11201 01 00 (130)
120;1156;Відділ митного оформлення N 1 митного поста "Запоріжжя - аеропорт";11201 01 01
121;1156;М/п "Дніпрорудний";11202 00 00
122;1156;Відділ митного оформлення N 1 митного поста "Дніпрорудний";11202 00 01
123;1156;М/п "Запоріжсталь";11203 00 00
124;1156;М/п "Бердянськ";11204 00 00
125;1156;П/п "Бердянський морський торговельний порт";11204 02 00 (150)
126;1156;М/п "Запоріжжя - центральний";11205 00 00
127;1156;Відділ митного оформлення N 1 митного поста "Запоріжжя - центральний";11205 00 01
128;1156;М/п "Мелітополь";11207 00 00
129;1158;Служба боротьби з контрабандою та порушеннями митних правил;12300 00 01
130;1158;Відділ митних платежів;12300 00 02
131;1158;Відділ митних інформаційних технологій;12300 00 03
132;1158;Відділ організації митного контролю;12300 00 04
133;1158;Відділ митного оформлення N 1;12300 00 05
134;1158;П/п "Севастопольський морський торговельний порт";12300 01 00 (150)
135;1158;П/п Аеродром "Кача";12300 02 00 (231)
136;1158;П/п Аеропорт "Севастополь";12300 03 00 (130)
137;1158;П/п "Балаклавський судноремонтний завод "Металіст"";12300 04 00 (150)
138;1158;М/п "Рибпорт";12301 00 00
139;1158;П/п "Севастопольський морський рибний порт";12301 05 00 (150)
140;1158;М/п "Інкерман";12302 00 00
141;1158;М/п "Севастополь - морський";12303 00 00
142;1159;Служба боротьби з контрабандою та порушеннями митних правил;12500 00 01
143;1159;Відділ кадрової роботи;12500 00 02
144;1159;Відділ митних платежів;12500 00 03
145;1159;Сектор по контролю за правильністю визначення митної вартості відділу митних платежів;12500 00 04
146;1159;Сектор по контролю за класифікацією та кодуванням товарів відділу митних платежів;12500 00 05
147;1159;Відділ митних інформаційних технологій;12500 00 06
148;1159;Відділ організації митного контролю;12500 00 07
149;1159;Сектор з питань захисту прав інтелектуальної власності відділу організації митного контролю;12500 00 08
150;1159;Сектор контролю за переміщенням товарів відділу організації митного контролю;12500 00 09
151;1159;Господарсько-експлуатаційний відділ;12500 00 10
152;1159;М/п "Східний термінал";12511 00 00
153;1159;Відділ митного оформлення автотранспортних засобів митного поста "Східний термінал";12511 00 01
154;1159;Сектор митного оформлення N 1 відділу митного оформлення автотранспортних засобів митного поста "Східний термінал";12511 00 02
155;1159;Сектор митного оформлення N 2 відділу митного оформлення автотранспортних засобів митного поста "Східний термінал";12511 00 03
156;1159;Сектор митного оформлення N 3 відділу митного оформлення автотранспортних засобів митного поста "Східний термінал";12511 00 04
157;1159;Сектор митного оформлення N 4 відділу митного оформлення автотранспортних засобів митного поста "Східний термінал";12511 00 06
158;1159;Відділ митного оформлення N 1 митного поста "Східний термінал";12511 00 10
159;1159;Сектор митного оформлення N 1 митного поста "Східний термінал";12511 00 07
160;1159;Сектор митного оформлення N 2 митного поста "Східний термінал";12511 00 08
161;1159;Сектор митного оформлення N 3 митного поста "Східний термінал";12511 00 09
162;1159;М/п "Бориспіль - аеропорт";12512 00 00
163;1159;П/п "Бориспіль - аеропорт";12512 01 00 (130)
164;1159;Відділ митного оформлення N 1 митного поста "Бориспіль - аеропорт";12512 01 01
165;1159;Відділ митного оформлення N 2 митного поста "Бориспіль - аеропорт";12512 01 02
166;1159;Відділ митного оформлення N 3 митного поста "Бориспіль - аеропорт";12512 01 03
167;1159;Відділ митного оформлення N 4 митного поста "Бориспіль - аеропорт";12512 01 04
168;1159;Відділ митного оформлення N 5 митного поста "Бориспіль - аеропорт";12512 01 05
169;1159;Відділ митного оформлення N 6 митного поста "Бориспіль - аеропорт";12512 01 06
170;1159;М/п "Святошин";12513 00 00
171;1159;Сектор митного оформлення N 1 митного поста "Святошин";12513 00 02
172;1159;Сектор митного оформлення N 2 митного поста "Святошин";12513 00 03
173;1159;Відділ митного оформлення N 1 митного поста "Святошин";12513 00 04
174;1159;Відділ митного оформлення N 2 митного поста "Святошин";12513 00 05
175;1159;Відділ митного оформлення N 3 митного поста "Святошин";12513 00 06
176;1159;Відділ митного оформлення N 4 митного поста "Святошин";12513 00 07
177;1159;Сектор митного оформлення N 1 відділу митного оформлення N 4 митного поста "Святошин";12513 00 08
178;1159;Відділ митного оформлення N 5 митного поста "Святошин";12513 00 09
179;1159;Сектор митного оформлення N 1 відділу митного оформлення N 5 митного поста "Святошин";12513 00 10
180;1159;П/п "Аеропорт "Гостомель"";12513 02 00 (130)
181;1159;Сектор митного оформлення N 2 відділу митного оформлення N 5 митного поста "Святошин";12513 02 11
182;1160;Служба боротьби з контрабандою та порушеннями митних правил;20400 00 01
183;1160;Сектор кадрової роботи;20400 00 02
184;1160;Відділ митних платежів;20400 00 03
185;1160;Відділ митних інформаційних технологій;20400 00 04
186;1160;Відділ організації митного контролю;20400 00 05
187;1160;Відділ митного аудиту;20400 00 06
188;1160;М/п "Сарни";20402 00 00
189;1160;П/п "Удрицьк - Горинь" (пункт контролю на станції "Сарни");20402 05 00 (122)
190;1160;Відділ митного оформлення N 1 митного поста "Сарни";20402 05 01
191;1160;М/п "Дубно";20403 00 00
192;1160;М/п "Рівне - центральний";20405 00 00
193;1160;П/п "Рівне - аеропорт";20405 01 00 (130)
194;1160;Відділ митного оформлення N 1 митного поста "Рівне - центральний";20405 00 01
195;1160;Відділ митного оформлення N 2 митного поста "Рівне - центральний";20405 00 02
196;1160;М/п "Костопіль";20406 00 00
197;1160;М/п "Городище";20407 00 00
198;1160;П/п "Городище - Верхній Теребежів";20407 03 00 (112)
199;1160;М/п "Удрицьк";20408 00 00
200;1160;П/п "Удрицьк - Горинь" (станція "Удрицьк");20408 04 00 (122)
201;1160;М/п "Прикладники";20409 00 00
202;1160;П/п "Прикладники - Невель";20409 02 00 (212)
203;1161;Служба боротьби з контрабандою та порушеннями митних правил;20500 00 01
204;1161;Відділ митної варти служби боротьби з контрабандою та порушеннями митних правил;20500 00 02
205;1161;Відділ кадрової роботи;20500 00 03
206;1161;Відділ митних платежів;20500 00 04
207;1161;Сектор по контролю за нарахуванням митних платежів відділу митних платежів;20500 00 05
208;1161;Сектор по контролю за правильністю визначення митної вартості товарів відділу митних платежів;20500 00 06
209;1161;Сектор по контролю за класифікацією та кодуванням товарів відділу митних платежів;20500 00 07
210;1161;Сектор по контролю за визначенням країни походження товарів відділу митних платежів;20500 00 08
211;1161;Відділ митних інформаційних технологій;20500 00 09
212;1161;Відділ організації митного контролю;20500 00 10
213;1161;Сектор контролю за переміщенням товарів відділу організації митного контролю;20500 00 11
214;1161;Відділ митного аудиту;20500 00 12
215;1161;П/п "Ягодин - Дорогуск" (станція "Ягодин");20500 02 00 (123)
216;1161;Відділ митного оформлення N 1;20500 02 13
217;1161;М/п "Ягодин";20502 00 00
218;1161;П/п "Ягодин - Дорогуск";20502 01 00 (113)
219;1161;Відділ митного оформлення N 1 митного поста "Ягодин";20502 01 01
220;1161;Відділ митного оформлення N 2 митного поста "Ягодин";20502 01 02
221;1161;Відділ митного оформлення N 3 митного поста "Ягодин";20502 01 03
222;1161;Відділ митного оформлення N 4 митного поста "Ягодин";20502 01 04
223;1161;Відділ митного оформлення N 5 митного поста "Ягодин";20502 00 05
224;1161;М/п "Устилуг";20505 00 00
225;1161;П/п "Устилуг - Зосін";20505 07 00 (113)
226;1161;Відділ митного оформлення N 1 митного поста "Устилуг";20505 07 01
227;1161;Відділ митного оформлення N 2 митного поста "Устилуг";20505 07 02
228;1161;Відділ митного оформлення N 3 митного поста "Устилуг";20505 07 03
229;1161;Відділ митного оформлення N 4 митного поста "Устилуг";20505 07 04
230;1161;М/п "Ковель";20506 00 00
231;1161;П/п "Заболоття - Хотислав" (пункт контролю на станції "Ковель");20506 09 00 (122)
232;1161;М/п "Луцьк";20507 00 00
233;1161;М/п "Доманово";20508 00 00
234;1161;П/п "Доманове - Мокрани";20508 10 00 (112)
235;1161;Відділ митного оформлення N 1 митного поста "Доманово";20508 10 01
236;1161;Відділ митного оформлення N 2 митного поста "Доманово";20508 10 02
237;1161;Відділ митного оформлення N 3 митного поста "Доманово";20508 10 03
238;1161;Відділ митного оформлення N 4 митного поста "Доманово";20508 10 04
239;1161;Сектор митного оформлення N 1 митного поста "Доманово";20508 00 05
240;1161;П/п "Самари - Дзівін";20508 11 00 (212)
241;1161;М/п "Дольськ";20509 00 00
242;1161;П/п "Дольськ - Мохро";20509 13 00 (112)
243;1161;М/п "Володимир-Волинський";20510 00 00
244;1161;М/п "Ізов";20511 00 00
245;1161;П/п "Володимир-Волинський - Хрубешув" (пункт контролю на станції "Ізов");20511 08 00 (123)
246;1161;Сектор митного оформлення N 1 митного поста "Ізов";20511 08 01
247;1161;Сектор митного оформлення N 2 митного поста "Ізов";20511 08 02
248;1161;Сектор митного оформлення N 3митного поста "Ізов";20511 08 03
249;1161;Сектор митного оформлення N 4 митного поста "Ізов";20511 08 04
250;1161;П/п "Володимир-Волинський - Хрубешув" (пункт контролю на станції "Лудин");20511 14 00 (123)
251;1161;М/п "Нововолинськ";20512 00 00
252;1161;М/п "Заболоття";20513 00 00
253;1161;П/п "Заболоття - Хотислав" (станція "Заболоття");20513 12 00 (122)
254;1161;М/п "Піща";20514 00 00
255;1161;П/п "Піща - Олтуш";20514 04 00 (212)
256;1161;Сектор митного оформлення N 1 митного поста "Піща";20514 04 01
257;1161;П/п "Пулемець - Томашівка";20514 03 00 (112)
258;1161;Сектор митного оформлення N 2 митного поста "Піща";20514 03 02
259;1162;Служба боротьби з контрабандою та порушеннями митних правил;20600 00 01
260;1162;Сектор кадрової роботи;20600 00 02
261;1162;Відділ митних платежів;20600 00 03
262;1162;Відділ митних інформаційних технологій;20600 00 04
263;1162;Відділ організації митного контролю;20600 00 05
264;1162;М/п "Коломия";20602 00 00
265;1162;М/п "Ямниця";20604 00 00
266;1162;М/п "Івано-Франківськ - центральний";20605 00 00
267;1162;П/п "Івано-Франківськ - аеропорт";20605 01 00 (130)
268;1162;М/п "Калуш";20606 00 00
269;1162;М/п "Долина";20607 00 00
270;1163;Служба боротьби з контрабандою та порушеннями митних правил;20900 00 01
271;1163;Відділ кадрової роботи;20900 00 02
272;1163;Відділ митних платежів;20900 00 03
273;1163;Сектор контролю за нарахуванням митних платежів відділу митних платежів;20900 00 04
274;1163;Сектор контролю за визначенням країни походження товару відділу митних платежів;20900 00 05
275;1163;Сектор контролю за правильністю визначення митної вартості товарів відділу митних платежів;20900 00 06
276;1163;Сектор контролю за класифікацією та кодуванням товарів відділу митних платежів;20900 00 07
277;1163;Відділ митних інформаційних технологій;20900 00 08
278;1163;Відділ організації митного контролю;20900 00 09
279;1163;Сектор контролю за переміщенням товарів відділу організації митного контролю;20900 00 10
280;1163;Сектор з питань захисту прав інтелектуальної власності відділу організації митного контролю;20900 00 11
281;1163;М/п "Львів - аеропорт";20901 00 00
282;1163;П/п "Львів - аеропорт";20901 01 00 (130)
283;1163;Відділ митного оформлення N 1 митного поста "Львів-аеропорт";20901 01 01
284;1163;Відділ митного оформлення N 2 митного поста "Львів-аеропорт";20901 01 02
285;1163;Відділ митного оформлення N 3 митного поста "Львів-аеропорт";20901 01 03
286;1163;Відділ митного оформлення N 4 митного поста "Львів-аеропорт";20901 01 04
287;1163;М/п "Дрогобич";20902 00 00
288;1163;Сектор митного оформлення "Самбір" митного поста "Дрогобич";20902 00 01
289;1163;М/п "Стрий";20904 00 00
290;1163;Відділ митного оформлення "Леоні" митного поста "Стрий";20904 00 01
291;1163;Сектор митного оформлення "Жидачів" митного поста "Стрий";20904 00 02
292;1163;М/п "Броди";20905 00 00
293;1163;М/п "Сокаль";20907 00 00
294;1163;М/п "Краковець";20908 00 00
295;1163;П/п "Краківець - Корчова";20908 02 00 (113)
296;1163;Відділ митного оформлення N 1 митного поста "Краковець";20908 02 01
297;1163;Відділ митного оформлення N 2 митного поста "Краковець";20908 02 02
298;1163;Відділ митного оформлення N 3 митного поста "Краковець";20908 02 03
299;1163;Відділ митного оформлення N 4 митного поста "Краковець";20908 02 04
300;1163;М/п "Мостиська";20909 00 00
301;1163;П/п "Шегині - Медика";20909 04 00 (113)
302;1163;Відділ митного оформлення N 1 митного поста "Мостиська";20909 04 01
303;1163;Відділ митного оформлення N 2 митного поста "Мостиська";20909 04 02
304;1163;Відділ митного оформлення N 3 митного поста "Мостиська";20909 04 03
305;1163;Відділ митного оформлення N 4 митного поста "Мостиська";20909 04 04
306;1163;П/п "Мостиська - Пшемисль" (станції "Мостиська", "Мостиська II");20909 03 00 (123)
307;1163;Відділ митного оформлення N 5 митного поста "Мостиська";20909 03 05
308;1163;Відділ митного оформлення N 6 митного поста "Мостиська";20909 03 06
309;1163;Відділ митного оформлення N 7 митного поста "Мостиська";20909 03 07
310;1163;Відділ митного оформлення N 8 митного поста "Мостиська";20909 03 08
311;1163;М/п "Рава-Руська";20910 00 00
312;1163;Сектор митного оформлення "Рата" митного поста "Рава-Руська";20910 00 01
313;1163;П/п "Рава-Руська - Хребенне";20910 05 00 (113)
314;1163;Відділ митного оформлення N 1 митного поста "Рава-Руська";20910 05 02
315;1163;Відділ митного оформлення N 2 митного поста "Рава-Руська";20910 05 03
316;1163;Відділ митного оформлення N 3 митного поста "Рава-Руська";20910 05 04
317;1163;Відділ митного оформлення N 4 митного поста "Рава-Руська";20910 05 05
318;1163;П/п "Рава-Руська - Хребенне, Верхрата" (станція "Рава-Руська");20910 06 00 (123)
319;1163;Відділ митного оформлення N 5 митного поста "Рава-Руська";20910 06 06
320;1163;М/п "Смільниця";20911 00 00
321;1163;П/п "Смільниця - Кросценко";20911 07 00 (113)
322;1163;Відділ митного оформлення N 1 митного поста "Смільниця";20911 07 01
323;1163;Відділ митного оформлення N 2 митного поста "Смільниця";20911 07 02
324;1163;Відділ митного оформлення N 3 митного поста "Смільниця";20911 07 03
325;1163;Відділ митного оформлення N 4 митного поста "Смільниця";20911 07 04
326;1163;П/п "Хирів - Кросценко" (станція "Хирів");20911 08 00 (123)
327;1163;М/п "Городок";20912 00 00
328;1163;М/п "Львів - поштовий";20913 00 00
329;1163;М/п "Малехів";20914 00 00
330;1163;М/п "Скнилів";20915 00 00
331;1163;М/п "Запитів";20916 00 00
332;1164;Служба боротьби з контрабандою та порушеннями митних правил;30500 00 01
333;1164;Відділ кадрової роботи;30500 00 02
334;1164;Відділ митних платежів;30500 00 03
335;1164;Відділ митних інформаційних технологій;30500 00 04
336;1164;Відділ організації митного контролю;30500 00 05
337;1164;М/п "Чоп - залізничний";30501 00 00
338;1164;П/п "Чоп - Захонь" (станція "Чоп");30501 02 00 (125)
339;1164;П/п "Чоп - Чієрна над Тисою" (станція "Чоп");30501 03 00 (124)
340;1164;Відділ митного оформлення N 1 митного поста "Чоп - залізничний";30501 00 01
341;1164;Відділ митного оформлення N 2 митного поста "Чоп - залізничний";30501 00 02
342;1164;Відділ митного оформлення N 3 митного поста "Чоп - залізничний";30501 00 03
343;1164;Відділ митного оформлення N 4 митного поста "Чоп - залізничний";30501 00 04
344;1164;Сектор митного оформлення N 1 (міжнародних поштових та експрес відправлень) митного поста "Чоп - залізничний";30501 00 05
345;1164;М/п "Тиса";30502 00 00
346;1164;П/п "Чоп - Захонь";30502 04 00 (115)
347;1164;Відділ митного оформлення N 1 митного поста "Тиса";30502 04 01
348;1164;Відділ митного оформлення N 2 митного поста "Тиса";30502 04 02
349;1164;Відділ митного оформлення N 3 митного поста "Тиса";30502 04 03
350;1164;Відділ митного оформлення N 4 митного поста "Тиса";30502 04 04
351;1164;П/п "Малі Селменці - Вельке Слеменце";30502 07 00 (174)
352;1164;Сектор митного оформлення N 1 (п/п "Малі Селменці") митного поста "Тиса";30502 07 05
353;1164;М/п "Ужгород";30506 00 00
354;1164;П/п "Ужгород - аеропорт";30506 08 00 (130)
355;1164;П/п "Ужгород - Вишнє-Нємецьке";30506 09 00 (114)
356;1164;Відділ митного оформлення N 1 митного поста "Ужгород";30506 09 01
357;1164;Відділ митного оформлення N 2 митного поста "Ужгород";30506 09 02
358;1164;Відділ митного оформлення N 3 митного поста "Ужгород";30506 09 03
359;1164;Відділ митного оформлення N 4 митного поста "Ужгород";30506 09 04
360;1164;М/п "Виноградів";30507 00 00
361;1164;М/п "Ужгород - вантажний";30508 00 00
362;1164;Сектор митного оформлення N 1 (Джейбіл, Ядзакі) митного поста "Ужгород - вантажний";30508 00 01
363;1164;Сектор митного оформлення N 2 (Чоп) митного поста "Ужгород - вантажний";30508 00 02
364;1164;М/п "Мукачево";30509 00 00
365;1164;Сектор митного оформлення N 1 (Берегово) митного поста "Мукачево";30509 00 01
366;1164;Сектор митного оформлення N 2 (Свалява) митного поста "Мукачево";30509 00 02
367;1164;М/п "Тячів";30510 00 00
368;1164;М/п "Малий Березний";30511 00 00
369;1164;П/п "Малий Березний - Убля";30511 10 00 (114)
370;1164;М/п "Павлове";30512 00 00
371;1164;П/п "Павлове - Матьовце" (станція "Павлове");30512 06 00 (124)
372;1164;М/п "Батєве";30513 00 00
373;1164;П/п "Соловка - Еперєшке" (станція "Батєве");30513 05 00 (125)
374;1164;М/п "Лужанка";30514 00 00
375;1164;П/п "Дзвінкове - Лонья";30514 14 00 (115)
376;1164;Відділ митного оформлення N 1 (п/п "Дзвінкове");30514 14 01
377;1164;П/п "Косино - Барабаш";30514 15 00 (115)
378;1164;Відділ митного оформлення N 2 (п/п "Косино");30514 15 02
379;1164;П/п "Лужанка - Берегшурань";30514 16 00 (115)
380;1164;Сектор митного оформлення N 1 митного поста "Лужанка";30514 16 03
381;1164;Сектор митного оформлення N 2 митного поста "Лужанка";30514 16 04
382;1164;Сектор митного оформлення N 3 митного поста "Лужанка";30514 16 05
383;1164;Сектор митного оформлення N 4 митного поста "Лужанка";30514 16 06
384;1164;М/п "Вилок";30515 00 00
385;1164;П/п "Вилок - Тісабеч";30515 17 00 (115)
386;1164;М/п "Дякове";30516 00 00
387;1164;П/п "Дякове - Халмеу";30516 18 00 (116)
388;1164;Сектор митного оформлення N 1 митного поста "Дякове";30516 18 01
389;1164;Сектор митного оформлення N 2 митного поста "Дякове";30516 18 02
390;1164;Сектор митного оформлення N 3 митного поста "Дякове";30516 18 03
391;1164;Сектор митного оформлення N 4 митного поста "Дякове";30516 18 04
392;1164;П/п "Дякове - Халмеу" (станція "Дякове");30516 11 00 (126)
393;1164;П/п "Ділове, Берлібаш - Валя Вишеулуй" (станція "Берлібаш");30516 12 00 (126)
394;1164;П/п "Тересва - Кимпулунг ла Тиса" (станція "Тересва");30516 13 00 (126)
395;1164;Сектор митного оформлення N 5 (залізничний) митного поста "Дякове";30516 00 05
396;1164;М/п "Солотвино";30517 00 00
397;1164;П/п "Солотвино - Сігету Мармацієй";30517 19 00 (116)
398;1164;П/п "Хижа - Тарна Маре";30517 20 00 (316)
399;1165;Служба боротьби з контрабандою та порушеннями митних правил;40000 00 01
400;1165;Сектор кадрової роботи;40000 00 02
401;1165;Відділ митних платежів;40000 00 03
402;1165;Сектор контролю за правильністю визначення митної вартості товарів відділу митних платежів;40000 00 04
403;1165;Сектор контролю за класифікацією та кодуванням товарів відділу митних платежів;40000 00 05
404;1165;Відділ митних інформаційних технологій;40000 00 06
405;1165;Відділ організації митного контролю;40000 00 07
406;1165;Сектор контролю за переміщенням товарів відділу організації митного контролю;40000 00 08
407;1165;М/п "Кам'янець-Подільський";40001 00 00
408;1165;М/п "Славута";40004 00 00
409;1165;М/п "Хмельницький - центральний";40005 00 00
410;1165;П/п "Хмельницький - аеропорт";40005 01 00 (130)
411;1165;Сектор митного оформлення N 1 митного поста "Хмельницький - центральний";40005 00 01
412;1166;Служба боротьби з контрабандою та порушеннями митних правил;40100 00 01
413;1166;Відділ кадрової роботи;40100 00 02
414;1166;Відділ митних платежів;40100 00 03
415;1166;Відділ митних інформаційних технологій;40100 00 04
416;1166;Відділ організації митного контролю;40100 00 05
417;1166;Відділ митного аудиту;40100 00 06
418;1166;Відділ фінансів, бухгалтерського обліку та звітності;40100 00 07
419;1166;М/п "Немирів";40103 00 00
420;1166;Сектор митного оформлення "Гайсин" митного поста "Немирів";40103 00 01
421;1166;М/п "Жмеринка";40104 00 00
422;1166;М/п "Дністер";40106 00 00
423;1166;П/п "Могилів-Подільський - Отач";40106 02 00 (117)
424;1166;Відділ митного оформлення "Автомобільний" митного поста "Дністер";40106 02 01
425;1166;П/п "Могилів-Подільський - Волчинець" (станція "Могилів-Подільський");40106 03 00 (127)
426;1166;Відділ митного оформлення "Залізничний" митного поста "Дністер";40106 03 02
427;1166;М/п "Ямпіль";40107 00 00
428;1166;П/п "Велика Косниця - Хрушка";40107 04 00 (217)
429;1166;П/п "Ямпіль - Косеуць" (річковий);40107 05 00 (147)
430;1166;П/п "Цекинівка - Сорока" (річковий);40107 06 00 (247)
431;1166;М/п "Піщанка";40108 00 00
432;1166;П/п "Болган - Хрістова";40108 07 00 (117)
433;1166;М/п "Вінниця - центральний";40109 00 00
434;1166;Відділ митного оформлення N 1 митного поста "Вінниця - центральний";40109 00 01
435;1166;П/п "Аеропорт - Вінниця";40109 01 00(130)
436;1167;Служба боротьби з контрабандою та порушеннями митних правил;40300 00 01
437;1167;Сектор кадрової роботи;40300 00 02
438;1167;Відділ митних платежів;40300 00 03
439;1167;Відділ митних інформаційних технологій;40300 00 04
440;1167;Відділ організації митного контролю;40300 00 05
441;1167;Відділ митного оформлення N 1;40300 00 06
442;1167;П/п "Тернопіль - аеропорт";40300 01 00 (130)
443;1167;М/п "Чортків";40302 00 00
444;1167;Сектор митного оформлення N 1 митного поста "Чортків";40302 00 01
445;1167;М/п "Збараж";40303 00 00
446;1168;Служба боротьби з контрабандою та порушеннями митних правил;40800 00 01
447;1168;Відділ кадрової роботи;40800 00 02
448;1168;Відділ митних платежів;40800 00 03
449;1168;Відділ митних інформаційних технологій;40800 00 04
450;1168;Відділ фінансів, бухгалтерського обліку та звітності;40800 00 05
451;1168;Відділ митного аудиту;40800 00 06
452;1168;Відділ організації митного контролю;40800 00 07
453;1168;Відділ митного оформлення N 1;40800 00 08
454;1168;М/п "Вадул-Сірет";40802 00 00
455;1168;П/п "Порубне - Сірет";40802 03 00 (416)
456;1168;Відділ митного оформлення N 1 митного поста "Вадул-Сірет";40802 03 01
457;1168;Відділ митного оформлення N 2 митного поста "Вадул-Сірет";40802 03 02
458;1168;Відділ митного оформлення N 3 митного поста "Вадул-Сірет";40802 03 03
459;1168;Відділ митного оформлення N 4 митного поста "Вадул-Сірет";40802 03 04
460;1168;П/п "Вадул-Сірет - Вікшани" (станція "Вадул-Сірет");40802 02 00 (126)
461;1168;Відділ митного оформлення N 5 митного поста "Вадул-Сірет";40802 02 05
462;1168;Сектор митного оформлення N 1 митного поста "Вадул-Сірет";40802 00 06
463;1168;Сектор митного оформлення N 2 митного поста "Вадул-Сірет";40802 00 07
464;1168;Сектор митного оформлення N 3 митного поста "Вадул-Сірет";40802 00 08
465;1168;М/п "Кельменці";40803 00 00
466;1168;П/п "Кельменці - Ларга" (станція "Ларга");40803 13 00 (127)
467;1168;П/п "Кельменці - Ларга";40803 14 00 (117)
468;1168;Відділ митного оформлення N 1 митного поста "Кельменці";40803 00 01
469;1168;Відділ митного оформлення N 2 митного поста "Кельменці";40803 00 02
470;1168;М/п "Чернівці";40804 00 00
471;1168;П/п "Чернівці - аеропорт";40804 01 00 (130)
472;1168;М/п "Мамалига";40805 00 00
473;1168;П/п "Мамалига - Крива";40805 15 00 (117)
474;1168;Відділ митного оформлення N 2 митного поста "Мамалига";40805 15 02
475;1168;П/п "Мамалига - Крива" (станція "Мамалига");40805 16 00 (127)
476;1168;Відділ митного оформлення N 1 митного поста "Мамалига";40805 16 01
477;1168;М/п "Россошани";40806 00 00
478;1168;П/п "Россошани - Брічень";40806 12 00 (117)
479;1168;М/п "Сокиряни";40807 00 00
480;1168;П/п "Сокиряни - Окниця";40807 09 00 (117)
481;1168;П/п "Сокиряни - Окниця" (станція "Сокиряни");40807 10 00 (127)
482;1168;Сектор митного оформлення митного поста "Сокиряни";40807 10 01
483;1168;П/п "Вашківці - Гріменкеуць";40807 11 00 (217)
484;1168;Відділ митного оформлення митного поста "Сокиряни";40807 11 02
485;1169;Служба боротьби с контрабандою та порушеннями митних правил;50000 00 01
486;1169;Відділ кадрової роботи;50000 00 02
487;1169;Відділ митних платежів;50000 00 03
488;1169;Відділ митних інформаційних технологій;50000 00 04
489;1169;Відділ митного аудиту;50000 00 05
490;1169;Відділ організації митного контролю;50000 00 06
491;1169;Господарсько-експлуатаційний відділ;50000 00 07
492;1169;М/п "Григорівка";50001 00 00
493;1169;П/п "Морський торговельний порт "Южний"";50001 01 00 (150)
494;1169;Відділ митного оформлення N 1 митного поста "Григорівка";50001 01 01
495;1169;Відділ митного оформлення N 2 митного поста "Григорівка";50001 01 02
496;1169;Пункт контролю "Визирка";50001 40 00 (150)
497;1169;М/п "Одеса - аеропорт";50003 00 00
498;1169;П/п "Одеса";50003 03 00 (130)
499;1169;Відділ митного оформлення N 1 митного поста "Одеса - аеропорт";50003 03 01
500;1169;Відділ митного оформлення N 2 митного поста "Одеса - аеропорт";50003 03 02
501;1169;М/п "Іллічівськ";50004 00 00
502;1169;П/п "Іллічівський морський торговельний порт";50004 04 00 (150)
503;1169;Відділ митного оформлення N 1 митного поста "Іллічівськ";50004 04 06
504;1169;Відділ митного оформлення N 2 митного поста "Іллічівськ";50004 00 01
505;1169;Відділ митного оформлення N 3 митного поста "Іллічівськ";50004 04 03
506;1169;П/п "Іллічівський судноремонтний завод";50004 05 00 (150)
507;1169;Сектор митного оформлення відділу митного оформлення N 3 митного поста "Іллічівськ";50004 05 04
508;1169;П/п "Іллічівський рибний порт";50004 06 00 (150)
509;1169;Відділ митного оформлення N 4 митного поста "Іллічівськ";50004 06 05
510;1169;М/п "Одеса - порт";50006 00 00
511;1169;Відділ митного оформлення N 1 митного поста "Одеса - порт";50006 00 01
512;1169;Пункт контролю через державний кордон для вантажних перевезень на території контейнерного терміналу залізничної станції "Одеса - Ліски" Одеської залізниці;50006 08 00 (150)
513;1169;Відділ митного оформлення N 2 митного поста "Одеса - порт";50006 08 04
514;1169;П/п "Одеський морський торговельний порт";50006 07 00 (150)
515;1169;Відділ митного оформлення N 3 митного поста "Одеса - порт";50006 07 02
516;1169;Відділ митного оформлення N 4 митного поста "Одеса - порт";50006 07 03
517;1169;Відділ митного оформлення N 5 митного поста "Одеса - порт";50006 07 05
518;1169;М/п "Ізмаїл";50007 00 00
519;1169;П/п "Ізмаїльський морський торговельний порт";50007 12 00 (150)
520;1169;П/п "Ізмаїл - аеропорт";50007 19 00 (130)
521;1169;П/п "Рені - Джюрджюлешть";50007 14 00 (117)
522;1169;П/п "Долинське - Чішмікіой";50007 15 00 (217)
523;1169;П/п "Ренійський морський торговельний порт";50007 16 00 (150)
524;1169;П/п "Рені - Джюрджюлешть" (станція "Рені");50007 17 00 (127)
525;1169;П/п "Фрікацей - Етулія" (станція "Фрікацей");50007 18 00 (127)
526;1169;Відділ митного оформлення N 1 митного поста "Ізмаїл";50007 00 02
527;1169;П/п "Табаки - Мирне";50007 09 00 (117)
528;1169;П/п "Нові Трояни - Чадир-Лунга";50007 10 00 (117)
529;1169;П/п "Виноградівка - Вулкенєшть";50007 11 00 (117)
530;1169;Пункт контролю "Болград";50007 20 00 (127)
531;1169;Відділ митного оформлення N 2 митного поста "Ізмаїл";50007 00 03
532;1169;П/п "Усть-Дунайський морський торговельний порт";50007 13 00 (150)
533;1169;Відділ митного оформлення N 3 митного поста "Ізмаїл";50007 13 04
534;1169;М/п "Білгород-Дністровський";50008 00 00
535;1169;П/п "Білгород-Дністровський морський торговельний порт";50008 21 00 (150)
536;1169;П/п "Старокозаче - Тудора";50008 22 00 (117)
537;1169;Відділ митного оформлення N 1 митного поста "Білгород-Дністровський";50008 22 02
538;1169;П/п "Маяки - Удобне - Паланка";50008 23 00 (117)
539;1169;Відділ митного оформлення N 2 митного поста "Білгород-Дністровський";50008 23 03
540;1169;П/п "Серпневе 1 - Басараб'яска";50008 24 00 (117)
541;1169;П/п "Малоярославець 1 - Чадир-Лунга";50008 25 00 (217)
542;1169;П/п "Лісне - Сеіць";50008 26 00 (217)
543;1169;Пункт контролю "Карабуцени";50008 27 00 (127)
544;1169;Відділ митного оформлення N 3 митного поста "Білгород-Дністровський";50008 00 04
545;1169;М/п "Роздільна";50009 00 00
546;1169;П/п "Лиманське";50009 33 00 (130)
547;1169;П/п "Кучурган - Первомайськ";50009 28 00 (117)
548;1169;Відділ митного оформлення N 1 митного поста "Роздільна";50009 28 04
549;1169;П/п "Градинці - Незавертайлівка";50009 30 00 (217)
550;1169;Сектор митного оформлення відділу митного оформлення N 1 митного поста "Роздільна";50009 30 05
551;1169;П/п "Кучурган - Новосавицьке" (станція "Кучурган");50009 29 00 (127)
552;1169;Відділ митного оформлення N 2 митного поста "Роздільна";50009 29 06
553;1169;П/п "Великоплоське - Мелеєшть";50009 31 00 (217)
554;1169;П/п "Слов'яносербка - Ближній Хутір";50009 32 00 (217)
555;1169;Відділ митного оформлення N 3 митного поста "Роздільна";50009 00 07
556;1169;М/п "Котовськ";50010 00 00
557;1169;П/п "Платонове - Гоянул Ноу";50010 38 00 (117)
558;1169;Відділ митного оформлення N 1 митного поста "Котовськ";50010 38 06
559;1169;П/п "Олексіївка - Вадул Туркулуй";50010 34 00 (217)
560;1169;Відділ митного оформлення N 2 митного поста "Котовськ";50010 34 01
561;1169;П/п "Станіславка - Веренкеу";50010 37 00 (217)
562;1169;Відділ митного оформлення N 3 митного поста "Котовськ";50010 37 04
563;1169;П/п "Тимкове - Броштень";50010 35 00 (217)
564;1169;Відділ митного оформлення N 4 митного поста "Котовськ";50010 35 02
565;1169;П/п "Слобідка - Кобасна" (станція "Слобідка");50010 36 00 (127)
566;1169;Відділ митного оформлення N 5 митного поста "Котовськ";50010 36 03
567;1169;П/п "Йосипівка - Колосово";50010 39 00 (217)
568;1169;Відділ митного оформлення N 6 митного поста "Котовськ";50010 39 05
569;1169;М/п "Одеса - спеціалізований";50011 00 00
570;1170;Служба боротьби з контрабандою та порушеннями митних правил;50400 00 01
571;1170;Відділ кадрової роботи;50400 00 02
572;1170;Відділ митних платежів;50400 00 03
573;1170;Відділ митних інформаційних технологій;50400 00 04
574;1170;Відділ організації митного контролю;50400 00 05
575;1170;М/п "Дніпро-Бузький";50401 00 00
576;1170;П/п "Дніпро-Бузький морський торговельний порт";50401 05 00 (150)
577;1170;М/п "Октябрський";50402 00 00
578;1170;П/п "Спеціальний морський порт "Октябрський"";50402 06 00 (150)
579;1170;П/п "ЗАТ "Миколаївський калійний термінал";50402 07 00 (150)
580;1170;Пункт контролю "Суднобудівний завод "Океан";50402 10 00 (150)
581;1170;М/п "Первомайськ";50404 00 00
582;1170;М/п "Миколаїв - морський";50405 00 00
583;1170;Відділ митного оформлення N 1 митного поста "Миколаїв - морський";50405 00 01
584;1170;П/п "Миколаївський морський торговельний порт";50405 02 00 (150)
585;1170;П/п "Миколаївський річковий порт";50405 03 00 (140)
586;1170;П/п "Порт "Очаків"";50405 04 00 (150)
587;1170;П/п "ТОВ "Сільськогосподарське підприємство "Нібулон""";50405 08 00 (150)
588;1170;Пункт контролю "Миколаївське морське агенство";50405 11 00 (150)
589;1170;М/п "Варварівка";50406 00 00
590;1170;М/п "Костянтинівка";50407 00 00
591;1170;П/п "Миколаїв - аеропорт";50407 01 00 (130)
592;1170;П/п "Аеропорт "Кульбакіне"";50407 09 00 (130)
593;1171;Служба боротьби з контрабандою та порушеннями митних правил;50800 00 01
594;1171;Сектор кадрової роботи;50800 00 02
595;1171;Відділ митних платежів;50800 00 03
596;1171;Відділ митних інформаційних технологій;50800 00 04
597;1171;Відділ організації митного контролю;50800 00 05
598;1171;М/п "Каховка";50801 00 00
599;1171;М/п "Скадовськ";50803 00 00
600;1171;П/п "Скадовський морський торговельний порт";50803 03 00 (150)
601;1171;М/п "Херсон - порт";50804 00 00
602;1171;П/п "Херсонський морський торговельний порт";50804 01 00 (150)
603;1171;П/п "Херсонський річковий порт";50804 02 00 (140)
604;1171;М/п "Херсон - центральний";50805 00 00
605;1172;Служба боротьби з контрабандою та порушеннями митних правил;60000 00 01
606;1172;Відділ митних платежів;60000 00 02
607;1172;Відділ митних інформаційних технологій;60000 00 03
608;1172;Відділ організації митного контролю;60000 00 04
609;1172;М/п "Євпаторія";60002 00 00
610;1172;П/п "Євпаторійський морський порт";60002 02 00(150)
611;1172;Пункт контролю - база буріння та облаштування управління розвідувального та експлуатаційного буріння ДАТ "Чорноморнафтогаз" (оз. Панське бухти Ярилгач, Каркінітська затока Чорного моря);60002 16 00 (150)
612;1172;М/п "Ялта";60005 00 00
613;1172;П/п "Ялтинський морський торговельний порт";60005 06 00 (150)
614;1172;М/п "Феодосія";60006 00 00
615;1172;П/п "Феодосійський морський торговий порт";60006 04 00 (150)
616;1172;Пункт контролю "Акваторія Феодосійського судномеханічного заводу";60006 05 00 (150)
617;1172;М/п "Красноперекопськ";60008 00 00
618;1172;М/п "Сімферополь - аеропорт";60009 00 00
619;1172;П/п "Аеропорт "Сімферополь"";60009 01 00 (130)
620;1172;П/п "Аеродром "Гвардійське"";60009 07 00 (130)
621;1172;П/п "Аеродром "Саки"";60009 08 00 (130)
622;1172;П/п "Аеродром "Джанкой"";60009 09 00 (130)
623;1172;Відділ митного оформлення N 1 митного поста "Сімферополь - аеропорт";60009 00 01
624;1172;Відділ митного оформлення N 2 митного поста "Сімферополь - аеропорт";60009 00 02
625;1172;М/п "Керч";60010 00 00
626;1172;П/п "Керченський морський порт "Камиш - Бурун"";60010 10 00 (150)
627;1172;П/п "Керченський рибний порт";60010 11 00 (150)
628;1172;П/п "Керченський морський торговельний порт";60010 12 00 (150)
629;1172;П/п "Акваторія ВАТ "Суднобудівельний завод "Залив""";60010 13 00 (150)
630;1172;П/п "Аеропорт "Керч"";60010 14 00 (130)
631;1172;П/п "Крим";60010 15 00 (161)
632;1172;Відділ митного оформлення N 1 митного поста "Керч";60010 00 01
633;1172;Відділ митного оформлення N 2 митного поста "Керч";60010 00 02
634;1172;Сектор митного оформлення N 1 відділу митного оформлення N 2 митного поста "Керч";60010 00 03
635;1172;Сектор митного оформлення N 2 відділу митного оформлення N 2 митного поста "Керч";60010 00 04
636;1172;Відділ митного оформлення N 3 митного поста "Керч";60010 00 05
637;1172;М/п "Сімферополь - центральний";60011 00 00
638;1173;Служба боротьби з контрабандою та порушеннями митних правил;70000 00 01
639;1173;Відділ митних платежів;70000 00 02
640;1173;Відділ митних інформаційних технологій;70000 00 03
641;1173;Відділ організації митного контролю;70000 00 04
642;1173;Відділ митного аудиту;70000 00 05
643;1173;Господарсько-експлуатаційний відділ;70000 00 06
644;1173;М/п "Горлівка";70001 00 00
645;1173;М/п "Краматорськ";70002 00 00
646;1173;М/п "Артемівськ";70003 00 00
647;1173;Сектор митного оформлення митного поста "Артемівськ";70003 00 01
648;1173;М/п "Донецьк - аеропорт";70004 00 00
649;1173;П/п "Донецьк";70004 01 00 (130)
650;1173;М/п "Слов'янськ";70005 00 00
651;1173;М/п "Азовсталь";70008 00 00
652;1173;М/п "Новоазовськ";70009 00 00
653;1173;П/п "Новоазовськ - Весело-Вознесенка";70009 05 00 (111)
654;1173;М/п "Сартана";70010 00 00
655;1173;М/п "Маріуполь - аеропорт";70011 00 00
656;1173;П/п "Маріуполь";70011 06 00 (130)
657;1173;М/п "Азов - порт";70012 00 00
658;1173;П/п "Маріупольський морський порт комбінату "Азовсталь"";70012 07 00 (150)
659;1173;П/п "Маріупольський морський торговельний порт";70012 08 00 (150)
660;1173;Відділ митного оформлення N 1 митного поста "Азов - порт";70012 08 01
661;1173;Відділ митного оформлення N 2 митного поста "Азов - порт";70012 08 02
662;1173;Пункт контролю "Азовський судноремонтний завод";70012 09 00 (150)
663;1173;М/п "Донецьк - північний";70013 00 00
664;1173;М/п "Донецьк - південно-східний";70014 00 00
665;1173;М/п "Донецьк - спеціалізований";70015 00 00
666;1173;М/п "Єнакієве";70016 00 00
667;1173;М/п "Маринівка";70017 00 00
668;1173;П/п "Маринівка - Куйбишево";70017 04 00 (111)
669;1173;М/п "Успенка";70018 00 00
670;1173;П/п "Успенка - Матвєєв-Курган";70018 03 00 (111)
671;1173;М/п "Костянтинівка";70019 00 00
672;1173;М/п "Норд";70020 00 00
673;1173;М/п "Харцизьк";70021 00 00
674;1173;М/п "Іловайськ";70022 00 00
675;1173;П/п "Квашине - Успенська" (станція "Квашине");70022 02 00 (121)
676;1173;Пункт контролю "Іловайськ";70022 11 00 (121)
677;1173;Відділ митного оформлення митного поста "Іловайськ";70022 11 01
678;1174;Служба боротьби з контрабандою та порушеннями митних правил;70200 00 01
679;1174;Відділ кадрової роботи;70200 00 02
680;1174;Відділ митних платежів;70200 00 03
681;1174;Відділ митних інформаційних технологій;70200 00 04
682;1174;Відділ організації митного контролю;70200 00 05
683;1174;Відділ фінансів, бухгалтерського обліку та звітності;70200 00 06
684;1174;Відділ митного аудиту;70200 00 07
685;1174;Господарсько-експлуатаційний відділ;70200 00 08
686;1174;М/п "Алчевськ";70202 00 00
687;1174;Сектор митного оформлення митного поста "Алчевськ";70202 00 01
688;1174;М/п "Довжанський";70207 00 00
689;1174;П/п "Должанський - Новошахтинськ";70207 02 00 (111)
690;1174;Сектор митного оформлення N 1 митного поста "Довжанський";70207 02 01
691;1174;Сектор митного оформлення N 2 митного поста "Довжанський";70207 02 02
692;1174;Сектор митного оформлення N 3 митного поста "Довжанський";70207 02 03
693;1174;Сектор митного оформлення N 4 митного поста "Довжанський";70207 02 04
694;1174;М/п "Червона Могила";70209 00 00
695;1174;П/п "Червона Могила - Гуково" (станція "Красна Могила");70209 03 00 (121)
696;1174;Сектор митного оформлення N 1 митного поста "Червона Могила";70209 03 01
697;1174;Сектор митного оформлення N 2 митного поста "Червона Могила";70209 03 02
698;1174;Сектор митного оформлення N 3 митного поста "Червона Могила";70209 03 03
699;1174;Сектор митного оформлення N 4 митного поста "Червона Могила";70209 03 04
700;1174;М/п "Красний Луч";70211 00 00
701;1174;М/п "Свердловськ";70213 00 00
702;1174;М/п "Красна Талівка";70214 00 00
703;1174;П/п "Красна Талівка - Волошине";70214 04 00 (111)
704;1174;Сектор митного оформлення N 1 митного поста "Красна Талівка";70214 04 01
705;1174;Сектор митного оформлення N 2 митного поста "Красна Талівка";70214 04 02
706;1174;Сектор митного оформлення N 3 митного поста "Красна Талівка";70214 04 03
707;1174;Сектор митного оформлення N 4 митного поста "Красна Талівка";70214 04 04
708;1174;М/п "Ізварине";70215 00 00
709;1174;П/п "Ізварине - Донецьк";70215 05 00 (111)
710;1174;Сектор митного оформлення N 1 митного поста "Ізварине";70215 05 01
711;1174;Сектор митного оформлення N 2 митного поста "Ізварине";70215 05 02
712;1174;Сектор митного оформлення N 3 митного поста "Ізварине";70215 05 03
713;1174;Сектор митного оформлення N 4 митного поста "Ізварине";70215 05 04
714;1174;М/п "Червонопартизанськ";70216 00 00
715;1174;П/п "Червонопартизанськ - Гуково";70216 07 00 (111)
716;1174;Сектор митного оформлення N 1 митного поста "Червонопартизанськ";70216 07 01
717;1174;Сектор митного оформлення N 2 митного поста "Червонопартизанськ";70216 07 02
718;1174;Сектор митного оформлення N 3 митного поста "Червонопартизанськ";70216 07 03
719;1174;Сектор митного оформлення N 4 митного поста "Червонопартизанськ";70216 07 04
720;1174;М/п "Старобільськ";70217 00 00
721;1174;М/п "Сєвєродонецьк";70218 00 00
722;1174;Сектор митного оформлення N 1 митного поста "Сєвєродонецьк";70218 00 01
723;1174;Сектор митного оформлення N 2 митного поста "Сєвєродонецьк";70218 00 02
724;1174;Сектор митного оформлення N 3 митного поста "Сєвєродонецьк";70218 00 03
725;1174;М/п "Лисичанськ";70219 00 00
726;1174;Сектор митного оформлення митного поста "Лисичанськ";70219 00 01
727;1174;М/п "Луганськ - центральний";70220 00 00
728;1174;Сектор митного оформлення N 1 митного поста "Луганськ - центральний";70220 00 01
729;1174;Сектор митного оформлення N 2 митного поста "Луганськ - центральний";70220 00 02
730;1174;П/п "Луганськ";70220 01 00 (130)
731;1174;Сектор митного оформлення N 3 митного поста "Луганськ - центральний";70220 01 03
732;1174;М/п "Мілове";70221 00 00
733;1174;П/п "Мілове - Чертково";70221 08 00 (211)
734;1174;М/п "Просяне";70222 00 00
735;1174;П/п "Просяне - Бугайовка";70222 10 00 (111)
736;1174;Сектор митного оформлення N 1 митного поста "Просяне";70222 10 01
737;1174;Сектор митного оформлення N 2 митного поста "Просяне";70222 10 02
738;1174;Сектор митного оформлення N 3 митного поста "Просяне";70222 10 03
739;1174;Сектор митного оформлення N 4 митного поста "Просяне";70222 10 04
740;1174;М/п "Дьоміно-Олександрівка";70223 00 00
741;1174;П/п "Дьоміно-Олександрівка - Валуйки";70223 11 00 (211)
742;1174;П/п "Лантратівка - роз'їзд Вистріл" (станція "Лантратівка");70223 14 00 (121)
743;1174;Сектор митного оформлення митного поста "Дьоміно-Олександрівка";70223 14 01
744;1174;М/п "Новобіла";70224 00 00
745;1174;П/п "Новобіла - Новобіла";70224 12 00 (211)
746;1174;М/п "Танюшівка";70225 00 00
747;1174;П/п "Танюшівка - Ровеньки";70225 13 00 (111)
748;1175;Служба боротьби з контрабандою та порушеннями митних правил;80500 00 01
749;1175;Відділ кадрової роботи;80500 00 02
750;1175;Відділ митних платежів;80500 00 03
751;1175;Відділ митних інформаційних технологій;80500 00 04
752;1175;Відділ організації митного контролю;80500 00 05
753;1175;Відділ митного аудиту;80500 00 06
754;1175;М/п "Юнаківка";80502 00 00
755;1175;П/п "Юнаківка - Суджа";80502 01 00 (111)
756;1175;М/п "Білопілля";80506 00 00
757;1175;П/п "Рижівка - Тьоткіно";80506 04 00 (211)
758;1175;М/п "Велика Писарівка";80508 00 00
759;1175;П/п "Велика Писарівка - Грайворон";80508 06 00 (111)
760;1175;Відділ митного оформлення "Краснопілля" митного поста "Велика Писарівка";80508 00 01
761;1175;П/п "Покровка - Колотиловка";80508 02 00 (211)
762;1175;П/п "Пушкарне - Ілек-Пеньковка" (станція "Пушкарне");80508 03 00 (221)
763;1175;М/п "Хутір-Михайлівський";80510 00 00
764;1175;Відділ митного оформлення N 1 митного поста "Хутір-Михайлівський";80510 00 01
765;1175;П/п "Зернове - Суземка" (станція "Зернове");80510 10 00 (121)
766;1175;Пункт контролю на станції "Хутір-Михайлівський";80510 12 00(121)
767;1175;М/п "Конотоп";80511 00 00
768;1175;Відділ митного оформлення "Конотоп" митного поста "Конотоп";80511 00 01
769;1175;Пункт контролю на станції "Конотоп";80511 11 00 (121)
770;1175;П/п "Волфіне - Глушково" (пункт контролю на станції "Ворожба");80511 05 00 (221)
771;1175;Відділ митного оформлення "Ворожба" митного поста "Конотоп";80511 05 02
772;1175;М/п "Бачівськ";80512 00 00
773;1175;П/п "Бачівськ - Троєбортне";80512 08 00 (111)
774;1175;М/п "Суми - центральний";80513 00 00
775;1175;П/п "Суми - аеропорт";80513 07 00 (130)
776;1175;Сектор митного оформлення митного поста "Суми - центральний";80513 00 01
777;1175;М/п "Катеринівка ";80514 00 00
778;1175;П/п "Катеринівка - Крупець";80514 09 00 (111)
779;1175;М/п "Шостка";80515 00 00
780;1175;М/п "Тростянець";80516 00 00
781;1175;М/п "Ромни";80517 00 00
782;1176;Служба боротьби з контрабандою та порушеннями митних правил;80600 00 01
783;1176;Відділ митних платежів;80600 00 02
784;1176;Сектор контролю за класифікацією та кодуванням товарів відділу митних платежів;80600 00 03
785;1176;Сектор контролю за визначенням країни походження товарів відділу митних платежів;80600 00 04
786;1176;Сектор контролю за нарахуванням митних платежів відділу митних платежів;80600 00 05
787;1176;Сектор контролю за правильністю визначення митної вартості товарів відділу митних платежів;80600 00 06
788;1176;Відділ митних інформаційних технологій;80600 00 07
789;1176;Відділ організації митного контролю;80600 00 08
790;1176;М/п "Кременчук";80601 00 00
791;1176;М/п "Лтава";80602 00 00
792;1177;Служба боротьби з контрабандою та порушеннями митних правил;80700 00 01
793;1177;Відділ кадрової роботи;80700 00 02
794;1177;Відділ митних платежів;80700 00 03
795;1177;Відділ митних інформаційних технологій;80700 00 04
796;1177;Відділ організації митного контролю;80700 00 05
797;1177;Відділ фінансів, бухгалтерського обліку та звітності;80700 00 06
798;1177;М/п "Куп'янськ";80701 00 00
799;1177;Сектор митного оформлення "Вантажний" митного поста "Куп'янськ";80701 00 01
800;1177;П/п "Тополі - Валуйки";80701 02 00 (121)
801;1177;Пункт контролю "Куп'янськ - Вузловий";80701 21 00 (121)
802;1177;Відділ митного оформлення "Тополі" митного поста "Куп'янськ";80701 00 02
803;1177;П/п "Піски - Логачівка";80701 04 00 (211)
804;1177;Відділ митного оформлення "Піски" митного поста "Куп'янськ";80701 04 03
805;1177;Пункт контролю "Куп'янськ - Сортувальний";80701 22 00 (121)
806;1177;Сектор митного оформлення "Сортувальний" митного поста "Куп'янськ";80701 22 04
807;1177;М/п "Харків - аеропорт";80703 00 00
808;1177;П/п "Харків - аеропорт";80703 07 00 (130)
809;1177;П/п "Сокольники";80703 08 00 (130)
810;1177;М/п "Харків - центральний";80710 00 00
811;1177;Сектор митного оформлення "Ліски" митного поста "Харків - центральний";80710 00 01
812;1177;Сектор митного оформлення "Харків - енергетичний" митного поста "Харків - центральний";80710 00 02
813;1177;М/п "Харків - автомобільний";80711 00 00
814;1177;М/п "Харків - сортувальний";80712 00 00
815;1177;Пункт контролю "Харків - Сортувальний";80712 14 00 (121)
816;1177;М/п "Харків - пасажирський";80713 00 00
817;1177;Пункт контролю "Харків - Пасажирський";80713 15 00 (121)
818;1177;П/п "Одноробівка - Головчино";80713 16 00 (221)
819;1177;М/п "Гоптівка";80714 00 00
820;1177;П/п "Гоптівка - Нехотєєвка";80714 18 00 (111)
821;1177;М/п "Плетенівка";80715 00 00
822;1177;П/п "Плетенівка - Шебекіно";80715 19 00 (111)
823;1177;П/п "Вовчанськ - Нежеголь";80715 20 00 (221)
824;1177;М/п "Козача Лопань";80716 00 00
825;1177;П/п "Козача Лопань - Долбіно";80716 17 00 (121)
826;1177;М/п "Пісочин";80717 00 00
827;1177;Сектор митного оформлення "Харків - поштовий" митного поста "Пісочин";80717 00 01
828;1177;М/п "Чугунівка";80718 00 00
829;1177;П/п "Чугунівка - Вериговка";80718 03 00 (211)
830;1178;Служба боротьби з контрабандою та порушеннями митних правил;90100 00 01
831;1178;Сектор кадрової роботи;90100 00 02
832;1178;Відділ митних платежів;90100 00 03
833;1178;Відділ митних інформаційних технологій;90100 00 04
834;1178;Відділ організації митного контролю;90100 00 05
835;1178;М/п "Олександрія";90103 00 00
836;1178;Сектор митного оформлення "Світловодськ" митного поста "Олександрія";90103 00 01
837;1178;М/п "Кіровоград - центральний";90105 00 00
838;1178;Сектор митного оформлення "Побузьке" митного поста "Кіровоград - центральний";90105 00 01
839;1179;Служба боротьби з контрабандою та порушеннями митних правил;90200 00 01
840;1179;Відділ кадрової роботи;90200 00 02
841;1179;Відділ митних платежів;90200 00 03
842;1179;Відділ митних інформаційних технологій;90200 00 04
843;1179;Відділ організації митного контролю;90200 00 05
844;1179;М/п "Умань";90203 00 00
845;1179;Сектор митного оформлення N 1 у м. Монастирищі митного поста "Умань";90203 00 01
846;1179;М/п "Сміла";90204 00 00
847;1179;Сектор митного оформлення N 1 у м. Корсунь-Шевченківський митного поста "Сміла";90204 00 01
848;1179;Сектор митного оформлення N 2 у м. Звенигородка митного поста "Сміла";90204 00 02
849;1179;М/п "Черкаси - південний";90205 00 00
850;1179;П/п "Аеропорт - Черкаси";90205 01 00 (130)
851;1179;М/п "Черкаси - північний";90206 00 00