nID;nID_Subject_Source;sID_Private_Source;sName
1;NULL;NULL;ObjectGroupName
2;471;10.01;Электроэнергия
3;471;10.02;Вода, лед, холод
4;471;100.01;Корма (жмых подсолнечника)
5;471;100.02;Корма (дробина пивная)
6;471;100.03;Корма (жом свекольный)
7;471;100.04;Комбикорма
8;471;100.05;Культуры зерновые
9;471;100.06;Корма (биодобавки)
10;471;100.07;Корма (заменитель цельного молока)
11;471;100.08;Ветпрепараты, вакцины, дезинфицирующие средства и инструменты для с/х животных
12;471;100.09;Продукция растениеводства
13;471;100.10;Средства защиты растений
14;471;100.11;Продукция растениеводства - семена растений (цветы, травы и др.)
15;471;100.12;Продукция растениеводства (саженцы, кустарники)
16;471;100.13;Продукция овощеводства (Овощи, фрукты, ягоды)
17;471;101.01;ТЭО ж/д перевозок
18;471;101.02;ТЭО автомобильных перевозок по территории Украины
19;471;101.03;ТЭО автомобильных международных перевозок
20;471;101.04;ТЭО морских перевозок навалочных грузов
21;471;101.05;ТЭО морских контейнерных перевозок
22;471;101.06;Услуги по таможенному оформлению экспортно-импортных грузов (брокерские услуги)
23;471;101.07;Услуги по взысканию задолженности (коллекторские услуги)
24;471;101.08;Перевозка опасных грузов автотранспортом на территории Украины
25;471;101.09;Оценка (переоценка) ОС согласно МСФО
26;471;102.01;Курьерская доставка грузов по Украине
27;471;102.02;Курьерская доставка грузов международная
28;471;102.03;Услуги переводчика
29;471;103.00;Дорожная автоматика
30;471;104.00;Посуда стеклянная, фарфоровая, металлическая
31;471;105.00;Ремонт судна пасажирского
32;471;106.00;Асбест хризотиловый
33;471;107.00;Банка жестяная объемом 1-2л
34;471;109.00;сульфаты, гранулы, пероксосульфаты (персульфаты)
35;471;11.01;Нефтепродукты светлые
36;471;11.02;Масла, смазки
37;471;11.02.01;Авиационные масла
38;471;11.03;Битумы
39;471;11.04;Газ горючий природный и искусственный, конденсат
40;471;11.05;Хладогены
41;471;110.01;Промышленные печи
42;471;111;Прочее
43;471;112.00;Пломбы и ЗПУ
44;471;113.00;Сорбирующие изделия
45;471;12.00;Антрацит для фильтров водоподготовки
46;471;12.01;Уголь
47;471;12.02;Торф
48;471;12.03;Сланцы
49;471;13.01;Руда железная сырая (добыча)
50;471;13.02;Сырье нерудное черной металлургии
51;471;13.03;Кокс каменноугольный валовый сухой
52;471;13.04;Кокс пековый электродный, полукокс
53;471;13.05;Лом черных металлов
54;471;13.06;Шлаки металлургического производства (без гранулированных) и шламы
55;471;13.07;Руда флюоритовая, флюорит
56;471;13.08;Металлообогащеная смесь МОС-2
57;471;13.09;Глинозем металлургический
58;471;14.01;Чугун и ферросплавы
59;471;15.01;Рельсы
60;471;15.02;Сортовой и фасонный прокат
61;471;15.03;Бандажи, кольца, колеса
62;471;15.04;Прокат листовой рядовой, оцинкованный
63;471;15.05;Прокат листовой нержавеющий, алюминированный, трубы нержавеющие
64;471;15.06;Трубы стальные
65;471;15.07;Металлорукава из нержавеющей стали
66;471;15.08;Профили горячекатаные СВП для крепи горных выработок
67;471;16.01;Трубы чугунные
68;471;17.01;Мука, отходы мукомольного производства
69;471;17.02;Молоко, молочные продукты
70;471;18.01;Шары стальные и цильбепсы
71;471;19.01;Проволока стальная обыкновенного качества
72;471;19.01.01;Болт, гайка, шайба, ж/д крепеж-позиция Дружковского метизного завода
73;471;19.02;Лента стальная холоднокатаная
74;471;19.02.01;Бирки
75;471;19.03;Лента стальная легированная
76;471;19.04;Пружины часовые и специальные
77;471;19.05;Канаты стальные
78;471;19.05.01;Стропы
79;471;19.05.02;Комплектующие изделия для производства канатных стропов
80;471;19.06;Изделия из проволоки (гвозди )
81;471;19.07;Электроды металлические сварочные в том числе нержавеющие
82;471;19.08;Изделия из проволоки (сетка)
83;471;19.09;Изделия из порошковых матриалов и прочее
84;471;19.10;Защитные ограждения и комплектующие
85;471;20.01;Металлоизделия культурно - бытового назначения и хозяйственного обихода
86;471;21.01;Сырье огнеупорное и лом огнеупорных изделий
87;471;21.02;Огнеупоры неформованные
88;471;21.03;Изделия огнеупорные кремнеземистые (динасовые)
89;471;21.04;Изделия огнеупорные алюмосиликатные шамотные и полукислые без сталеразливочных
90;471;21.05;Изделия огнеупорные прочие и различных способов производства
91;471;21.06;Лом огнеупоров
92;471;21.07;Теплоизоляционная огнеупорная продукция
93;471;21.08;Укрбелит
94;471;21.09;Глина огнеупорная, Песок формовочный, СПГ
95;471;22.01;Металлы легкие, их сырье, сплавы и соединения
96;471;22.02;Металлы тяжелые легкоплавкие, их сырье, сплавы и соединения
97;471;22.03;Припои на основе олова, свинца и индия, баббиты, свинец, сурьма, медь
98;471;22.04;Металлы тяжелые среднеплавкие, их сырье, сплавы
99;471;22.05;Металлы тяжелые тугоплавкие, их сырье, сплавы и соединения
100;471;22.06;Металлы драгоценные, их сырье, сплавы и соединения
101;471;22.07;Металлы редкие, их сырье, сплавы и соединения
102;471;22.08;Лом и отходы цветных металлов
103;471;22.08.01;Лом и отходы драгоценных металлов
104;471;22.09;Камни драгоценные, их сырье, сплавы и соединения
105;471;23.01;Прокат медный, алюминиевый и.д.
106;471;24.01;Продукция электродная графитированная
107;471;24.02;Бой и отходы графитированной и угольной продукции
108;471;24.03;Минералы
109;471;25.01;Газы
110;471;25.01.01;Баллоны для промышленных газов
111;471;25.02;Газовые смеси
112;471;25.03;Кислоты и окислы
113;471;25.04;Основания и содопродукты
114;471;25.05;Электролиты щелочные, гидроокиси, гидразины и гидроксиламины, Соли кислородных кислот, Хлорная известь и прочии химичиские реактивы
115;471;25.06;Сорбенты и носители катализаторов
116;471;25.07;Угли активированные
117;471;25.08;Катализаторы
118;471;25.09;Удобрения минеральные
119;471;25.10;Трихлорэтилен
120;471;25.11;Концентраты, растворы
121;471;25.12;Средства для обработки промышленных вод
122;471;26.01;Полотно пленки (рукав)
123;471;26.02;Полимеры фторпроизводных этилена (фторопласты и фторсополимеры)
124;471;26.03;Полистирол и сополимеры стирола (полимеры арилолефинов)
125;471;26.04;Смолы, получаемые поликонденсацией и ступенчатой полимеризацией. Полимеры сложных виниловых эфиров и их производные. Полиамиды
126;471;26.05;Материалы ионообменные
127;471;26.06;Продукция из полимеров прочая Смолы прочие, ПВХ
128;471;26.07;Каучуки синтетические
129;471;26.08;Стеклопластики
130;471;27.01;Материалы лакокрасочные
131;471;27.02;Краски полиграфические, фольга для горячего тиснения и материалы вспомогательные
132;471;27.03;Антикоррозионные покрытия
133;471;28.01;Резины сырые
134;471;28.01.01;Регенерат, клеи разные, изделия из латексов, клеев и продукция гуммированная
135;471;28.02;Шины и изделия шинной промышленности
136;471;28.03;Изделия формовые резинотехнические, неформовые резино - технические
137;471;28.04;Рукава
138;471;28.05;Ленты конвейерные
139;471;28.06;Ремни, ткани прорезиненные и изделия из них
140;471;28.07;Изделия асбестовые технические, включая набивки сальниковые неасбестовые
141;471;29.00;Смолы связующие, антислеживательные,концентраты
142;471;29.01;Спирты, фенол
143;471;29.02;Кислоты органические и их производные, эфиры, соединения, элементоорганические и гетероциклические
144;471;29.03;Соли органических кислот
145;471;29.04;Смолы, дегти, пеки и вары
146;471;29.05;Соединения неорганические (кроме солей неорганических кислот) реактивных квалификаций
147;471;29.06;поверхностно активные вещества (ПАВ)
148;471;29.07;лигносульфонаты
149;471;30.01;Оборудование энергетическое и запасные части
150;471;30.01.01;Ремонт оборудования энергетического
151;471;30.02;Оборудование энергетическое и запасные части
152;471;30.02.01;Ремонт оборудования энергетического
153;471;30.03;Оборудование вспомогательное энергетическое и запасные части
154;471;30.03.01;Ремонт вспомогательного энергетического оборудования
155;471;30.04;Оборудование водоочистки для энергетических установок и запасные части
156;471;30.04.01;Ремонт оборудования водоочистки для энергетических установок
157;471;30.05;Оборудование котельное и запасные части
158;471;30.05.01;Ремонт оборудования котельного
159;471;30.06;Оборудование теплообменное и запасные части
160;471;30.06.01;Ремонт оборудования теплообменного
161;471;30.07;Оборудование вспомогательное турбинное и запасные части
162;471;30.07.01;Ремонт вспомогательного турбинного оборудования
163;471;30.08;Оборудование вспомогательное системы пылеприготовления и запасные части
164;471;30.08.01;Ремонт вспомогательного оборудования системы пылеприготовления
165;471;30.09;Элементы котлов и топочные устройства и запасные части
166;471;30.09.01;Ремонт элементов котлов и топочных устройств
167;471;30.10;Энергопоезда и передвижные установки и запасные части
168;471;30.10.01;Ремонт энергопоездов и передвижных установок
169;471;30.11;Оборудование энергетическое прочее и запасные части
170;471;30.11.01;Ремонт прочего энергетического оборудования
171;471;30.12;Оборудование технологическое газоперекачивающих станций и запасные части
172;471;30.12.01;Ремонт технологического оборудования газоперекачивающих станций
173;471;30.13;Дизели и дизель - генераторы и запасные части
174;471;30.13.01;Ремонт дизелей и дизель-генераторов
175;471;30.14;Комплектующие изделия дизелей и дизель -генераторов и запасные части
176;471;30.15;Оборудование для черной и цветной металлургии
177;471;30.15.01;Ремонт оборудования для черной и цветной металлургии
178;471;30.16;Оборудование агломерационное (машины и механизмы окускования сырья) и запасные части
179;471;30.16.01;Ремонт оборудования агломерационного
180;471;30.16.02;Заливка дробильно-размольного оборудования компаундом
181;471;30.17;Агрегаты, машины и механизмы производства агломерата и окатышей и запасные части
182;471;30.17.01;Ремонт агрегатов, машин и механизмов производства агломерата и окатышей
183;471;30.18;Оборудование обогатительное и запасные части
184;471;30.18.01;Ремонт оборудования обогатительного
185;471;30.18.02;Ремонт насосного оборудования
186;471;30.19;Оборудование для гравитационного, магнитного и электрического обогащения (без лабораторного) и запасные части
187;471;30.19.01;Ремонт оборудования для гравитационного, магнитного и электрического обогащения
188;471;30.20;Оборудование для флотации (без лабораторного) и запасные части
189;471;30.20.01;Ремонт оборудования для флотации
190;471;30.21;Оборудование для обезвоживания и пылеулавливания (без лабораторного) и запасные части
191;471;30.21.01;Ремонт оборудования для обезвоживания и пылеулавливания
192;471;30.22;Оборудование для разделения, отбора и приготовления проб (без лабораторного)
193;471;30.22.01;Ремонт оборудования для разделения, отбора и приготовления проб
194;471;30.23;Питатели (без лабораторных) и запасные части
195;471;30.23.01;Ремонт питателей
196;471;30.24;Оборудование коксовое (машины и механизмы для производства кокса, без вагонов - опрокидывателей). Машины и механизмы коксовых печей и запасные части
197;471;30.24.01;Ремонт коксового оборудования (машины и механизмы для производства кокса, без вагонов - опрокидывателей). Машины и механизмы коксовых печей
198;471;30.25;Машины и механизмы тушения кокса и запасные части
199;471;30.25.01;Ремонт машин и механизмов тушения кокса
200;471;30.26;Машины и механизмы пекококсовых печей и запасные части
201;471;30.26.01;Ремонт машин и механизмов пекококсовых печей
202;471;30.27;Механизмы технологического обслуживания коксовых печей и запасные части
203;471;30.27.01;Ремонт механизмов технологического обслуживания коксовых печей
204;471;30.28;Оборудование доменное и сталеплавильное. Аппараты засыпные, распределители шихты, балансиры конусов и другие загрузочные механизмы и запасные части
205;471;30.28.01;Ремонт доменного и сталеплавильного оборудования
206;471;30.29;Машины и механизмы литейного двора, поддоменника, разливающие, транспортирования, толкающие, раздевания слитков (без кранов) и запасные части
207;471;30.29.01;Ремонт машин и механизмов литейного двора, поддоменника, разливающие, транспортирования, толкающие, раздевания слитков (без кранов) и запасные части
208;471;30.30;Агрегаты сталеплавильные непрерывного действия, вакуумирования и рафинирования стали и запасные части
209;471;30.30.01;Ремонт агрегатов сталеплавильных непрерывного действия, вакуумирования и рафинирования стали и запасные части
210;471;30.31;Конверторы и машины для их обслуживания и запасные части
211;471;30.31.01;Ремонт конверторов и машин для их обслуживания
212;471;30.32;Машины и оборудование для мартеновских печей и запасные части
213;471;30.32.01;Ремонт машин и оборудования для мартеновских печей
214;471;30.33;Машины и механизмы для производства ферросплавов и запасные части
215;471;30.33.01;Ремонт машин и механизмов для производства ферросплавов
216;471;30.34;Машины непрерывного литья и оборудованиеи и запасные части к ним
217;471;30.34.01;Ремонт машин непрерывного литья и оборудования
218;471;30.35;Агрегаты, станы, машины производства сплошного и полого профиля (комплексы) запасные части к ним
219;471;30.35.01;Ремонт агрегатов, станов, машин производства сплошного и полого профиля
220;471;30.36;Агрегаты, станы, машины производства сплошного и полого профиля
221;471;30.36.01;Ремонт агрегатов, станов, машин производства сплошного и полого профиля
222;471;30.37;Машины обвязочные, пакетировочные, клеймовочные, маркировочные и укладчики и запасные части к ним
223;471;30.37.01;Ремонт обвязочных, пакетировочных, клеймовочных, маркировочных машин и укладчиков
224;471;30.38;Клети рабочие, рольганги, составные части и механизмы приводов и запасные части к ним
225;471;30.38.01;Ремонт клетей и рольгангов
226;471;30.39;редуктора
227;471;30.40;Пневмоаппаратура, Гидроаппаратура
228;471;30.40.01;Ремонт: Пневмоаппаратура, Гидроаппаратура
229;471;31.01;Оборудование для вскрышных и очистных работ и крепления горных выработок и запасные части к ним
230;471;31.01.01;Ремонт оборудования для вскрышных и очистных работ и крепления горных выработок
231;471;31.02;Оборудование для вскрышных и очистных работ и крепления горных выработок и запасные части к ним
232;471;31.02.01;Ремонт оборудования для вскрышных и очистных работ и крепления горных выработок
233;471;31.02.02;запасные части к оборудованию для вскрышных и очистных работ и крепления горных выработок
234;471;31.03;Оборудование для вскрышных и очистных работ и крепления горных выработок и запасные части к ним
235;471;31.03.01;Ремонт оборудования для вскрышных и очистных работ и крепления горных выработок
236;471;31.04;Оборудование для вскрышных и очистных работ и крепления горных выработок и запасные части к ним
237;471;31.04.01;Ремонт оборудования для вскрышных и очистных работ и крепления горных выработок
238;471;31.05;Оборудование для вскрышных и очистных работ и крепления горных выработок и запасные части к ним
239;471;31.05.01;Ремонт оборудования для вскрышных и очистных работ и крепления горных выработок
240;471;31.05.02;Подъемные устройства экскаваторов с ковшом от 4 до 15 м. куб.
241;471;31.06;Оборудование для проходки горных выработок и запасные части к ним
242;471;31.06.01;Ремонт оборудования для проходки горных выработок
243;471;31.07;Оборудование для проходки горных выработок и запасные части к ним
244;471;31.07.01;Ремонт оборудования для проходки горных выработок
245;471;31.08;Оборудование для проходки горных выработок и запасные части к ним
246;471;31.08.01;Ремонт оборудования для проходки горных выработок
247;471;31.09;Оборудование для проходки горных выработок и запасные части к ним
248;471;31.09.01;Ремонт оборудования для проходки горных выработок
249;471;31.10;Оборудование для проходки горных выработок и запасные части к ним
250;471;31.10.01;Ремонт оборудования для проходки горных выработок
251;471;31.11;Оборудование для проходки горных выработок и запасные части к ним
252;471;31.11.01;Ремонт оборудования для проходки горных выработок
253;471;31.12;Оборудование для проходки горных выработок и запасные части к ним
254;471;31.12.01;Ремонт оборудования для проходки горных выработок
255;471;31.13;Оборудование стволовых подъемов и шахтного транспорта и запасные части к ним
256;471;31.14;Оборудование стволовых подъемов и шахтного транспорта и запасные части к ним
257;471;31.14.01;Ремонт оборудования стволовых подъемов и шахтного транспорта
258;471;31.15;Оборудование стволовых подъемов и шахтного транспорта и запасные части к ним
259;471;31.15.01;Ремонт оборудования стволовых подъемов и шахтного транспорта
260;471;31.16;Оборудование стволовых подъемов и шахтного транспорта и запасные части к ним
261;471;31.16.01;Ремонт оборудования стволовых подъемов и шахтного транспорта
262;471;31.17;Оборудование стволовых подъемов и шахтного транспорта
263;471;31.17.01;Ремонт оборудования стволовых подъемов и шахтного транспорта
264;471;31.18;Оборудование стволовых подъемов и шахтного транспорта
265;471;31.18.01;Ремонт оборудования стволовых подъемов и шахтного транспорта
266;471;31.19;Оборудование стволовых подъемов и шахтного транспорта
267;471;31.19.01;Ремонт оборудования стволовых подъемов и шахтного транспорта
268;471;31.20;Оборудование стволовых подъемов и шахтного транспорта
269;471;31.20.01;Ремонт оборудования стволовых подъемов и шахтного транспорта
270;471;31.21;Оборудование механизации поверхности шахт и околоствольных дворов
271;471;31.22;Оборудование механизации поверхности шахт и околоствольных дворов
272;471;31.22.01;Ремонт оборудования механизации поверхности шахт и околоствольных дворов
273;471;31.23;Оборудование механизации поверхности шахт и околоствольных дворов
274;471;31.23.01;Ремонт оборудования механизации поверхности шахт и околоствольных дворов
275;471;31.24;Оборудование механизации поверхности шахт и околоствольных дворов и запасные части к ним
276;471;31.24.01;Ремонт оборудования механизации поверхности шахт и околоствольных дворов
277;471;31.25;Оборудование механизации поверхности шахт и околоствольных дворов и запасные части к ним
278;471;31.25.01;Ремонт оборудования механизации поверхности шахт и околоствольных дворов
279;471;31.26;Оборудование механизации поверхности шахт и околоствольных дворов и запасные части к ним
280;471;31.26.01;Ремонт оборудования механизации поверхности шахт и околоствольных дворов
281;471;31.27;Оборудование для бурения шпуров и скважин, оборудование для зарядки и забойки взрывных скважин
282;471;31.28;Оборудование для бурения шпуров и скважин, оборудование для зарядки и забойки взрывных скважин
283;471;31.28.01;Ремонт оборудования для бурения шпуров и скважин, оборудование для зарядки и забойки взрывных скважин
284;471;31.29;Оборудование для бурения шпуров и скважин, оборудование для зарядки и забойки взрывных скважин
285;471;31.29.01;Ремонт оборудования для бурения шпуров и скважин, оборудование для зарядки и забойки взрывных скважин
286;471;31.30;Перфораторы пневматические (молотки бурильные) - ручные
287;471;31.30.01;Ремонт пневматичнских перфораторов (молотки бурильные)
288;471;31.31;Головки и машины бурильные, пневмоударники, навесное бурильное оборудование, патроны
289;471;31.31.01;Ремонт головок и машин бурильных, пневмоударников, навесного бурильного оборудования, патронов
290;471;31.32;Инструмент буровой
291;471;31.33;Инструмент горный
292;471;31.34;Аппаратура шахтной автоматизации, сигнализации и связи
293;471;31.35;Футеровка
294;471;31.36;Балансировка
295;471;31.37;Виброобследование, вибродиагностика
296;471;31.38;Наплавка рабочих поверхностей с последующей проточкой или без таковой
297;471;32.01;Запасные части к оборудованию горно - шахтному
298;471;32.02;Запасные части к оборудованию горно - шахтному
299;471;32.03;Запасные части к оборудованию горно - шахтному
300;471;32.04;Запасные части к оборудованию горно - шахтному
301;471;32.05;Запасные части к оборудованию горно - шахтному
302;471;32.06.01;Запасные части к горно-буровому оборудованию
303;471;32.06.02;Запасные части к горно-буровому оборудованию
304;471;33.01;Краны
305;471;33.01.01;Ремонт кранов
306;471;33.02;Лифты, эскалаторы, Траволаторы
307;471;33.02.01;Ремонт лифтов, эскалаторов, траволаторов
308;471;34.01.01;Запасные части к кранам
309;471;34.01.02;Запасные части к кранам
310;471;34.02;Запасные части к конвейерам
311;471;35.01;Конвейеры
312;471;35.01.01;Ремонт конвейеров
313;471;35.02;Тележки талей (кошки), тали , лебедки
314;471;36.01;Вагоны , полувагоны, платформы, цестерны
315;471;36.01.01;Ремонт вагонов , полувагонов, платформ, цестерн
316;471;36.02;Тепловозы, газотурбовозы, паровозы
317;471;36.02.01;Ремонт тепловозов, газотурбовозов, паровозов
318;471;36.03;Машины путевые и инструменты
319;471;36.03.01;Ремонт машин путевых
320;471;36.03.02;Ремонт жд путей и стрелочных переводов
321;471;36.04;Инструменты и механизмы для работы с рельсами - со шпалами - с креплениями
322;471;36.05;Стрелочные переводы и комплектующие к ним
323;471;37.01;Запасные части к ж/д транспорту (без электрооборудования)
324;471;37.02;Запасные части к ж/д транспорту (с элетрооборудованием)
325;471;38.01;Электродвигатели
326;471;38.01.01;Ремонт электродвигателей
327;471;38.01.02;Ремонт электрических магнитов
328;471;38.02;Генераторы переменного тока. Преобразователи и усилители электромашинные, электростанции передвижные и электроагрегаты питания
329;471;38.02.01;Ремонт генераторов переменного тока. Преобразователей и усилителей электромашинных, электростанциий передвижных и электроагрегатов питания
330;471;38.03;Турбо- и гидрогенераторы, электропреобразователи крупные
331;471;38.03.01;Ремонт турбо- и гидрогенераторов, электропреобразователей
332;471;38.04;Насосное оборудование
333;471;38.04.01;з/ч к насосному оборудованию
334;471;38.05;Оборудование для АЗС
335;471;38.06;Механизмы исполнительные однооборотные МЭО
336;471;39.01;Запасные части к электродвигателям и электрическим машинам
337;471;4.01;Охрана
338;471;4.02;Аренда техники
339;471;40.01;Трансформаторы и трансформаторное оборудование
340;471;40.01.01;Ремонт трансформаторов и трансформаторного оборудования
341;471;40.01.02;Комплектные трансформаторные подстанции
342;471;40.02;Оборудование низковольтное
343;471;40.02.01;Запасные части к низковольтному оборудованию
344;471;40.03;Отопительное оборудование
345;471;40.04;Радиоэлектронные комплектующие
346;471;40.05;Силовые полупроводники
347;471;40.06;Низковольтные комплектные устройства (НКУ)
348;471;40.06.01;Низковольтные комплектные устройства экскаваторные (НКУЭ)
349;471;40.07;Установки бесперебойного электропитания,электропитающие установки,системы гарантированного питания
350;471;40.09;Электрические лампы, светильники и фонари аккумуляторные, светильники точечные, электроустановочные изделия
351;471;40.10;Светильники промышленного освещения, прожекторы
352;471;40.11;Источники тока химические, физические
353;471;40.12;Электроизоляционные. Материалы и изделия
354;471;40.13;Изоляторы электрокерамические и стеклянные
355;471;40.14;Изделия электроугольные - щетки для электрических машин (включая группы щеточные)
356;471;40.14.01;Щеткодержатели
357;471;40.15;Оборудование высоковольтное
358;471;40.16;Комплектные распределительные устройства КРУ-6 (10) кВ
359;471;40.17;Комплектные распределительные устройства КРУ-35 кВ и выше
360;471;40.18;конденсаторные установки,кондесаторы,установки компенсации реактивной мощности
361;471;40.19;Частотные преобразователи и устройства плавного пуска
362;471;41.01;Электротранспорт (кроме городского и мотор - вагонных поездов)
363;471;42.01;Запасные части к электровозам
364;471;42.02;Ремонт электровозов
365;471;43.01;Электротранспорт производственный напольный безрельсовый
366;471;44.01.01;Запасные части к электопогрузчикам, электротележкам, электротягачам
367;471;45.01;Кабельно-проводниковая продукция
368;471;45.02;Арматура кабельная
369;471;45.03;Изделия для прокладки и защиты электропроводов и кабелей
370;471;46.00;Запорная арматура
371;471;47.00;Детали трубопроводов
372;471;47.01;Станки металлорежущие
373;471;47.01.01;Ремонт станков металлорежущих
374;471;47.02;Прессы, Машины кузнечно - прессовые
375;471;47.02.01;Ремонт прессов, машин кузнечно-прессовых
376;471;47.03;Станки деревообрабатывающие
377;471;47.03.01;Ремонт станков деревообрабатывающих
378;471;47.04;Оборудование для СТО
379;471;48.00;Геомодификаторы трения
380;471;48.01;Инструмент металлорежущий
381;471;48.02;Инструмент измерительный
382;471;48.03;Инструмент абразивный, материалы абразивные
383;471;48.04;Цепи
384;471;48.05;Электроинструмент
385;471;48.06;Ручной инструмент
386;471;48.07;Бензиновый инструмент
387;471;48.08;Гидравлический инструмент
388;471;48.09;Деревообрабатывающий инструмент
389;471;48.10;Инструмент машинный, промышленный и приспособления
390;471;48.11;Камнеобрабатывающий инструмент
391;471;48.12;Механический инструмент
392;471;48.13;Пневматический инструмент
393;471;48.14;Слесарно-монтажные инструменты
394;471;48.15;Специальный инструмент
395;471;49.01;Компьютерная техника сетевое обрудование
396;471;49.02;Расходные материалы
397;471;49.03;Сетевое оборудование
398;471;49.04;офисная техника
399;471;49.05;профессиональное аудио и видео оборудование
400;471;49.06;осветительное оборудование
401;471;49.07;Навигационные приборы
402;471;49.08;Типографское оборудование
403;471;49.08.01;Расходные материалы
404;471;49.08.02;Запчасти, комплектующие
405;471;49.08.03;Ремонт, обслуживание
406;471;49.09;Программное обеспечение
407;471;49.09.01;Разработка программного обеспечения
408;471;50.01;Литье стальное
409;471;50.01.01;Литье чугунное
410;471;50.01.02;Литье цветное (центробежным способом)
411;471;50.01.03;Литье каменное
412;471;50.01.04;Литье марганцовиствое
413;471;50.02;Поковки и штамповки металлические молотовые
414;471;50.02.01;Поковки прессовые
415;471;50.03;Приборы контроля и регулирования
416;471;50.03.01;Наладка КИПиА
417;471;50.04;ОБОРУДОВАНИЕ СЦБ
418;471;50.05;ПРОМЫШЛЕННОЕ ВЕСОВОЕ ОБОРУДОВАНИЕ
419;471;50.06;Сварочное оборудование, Газопламенное оборудование для сварки и резки металлов
420;471;51.01;Автомобили грузовые
421;471;51.01.01;Ремонт автомобилей грузовых
422;471;51.01.02;Автомобили пожарные
423;471;51.02;Автомобили легковые (транспортные средства, предназначенные для перевозки пассажиров)
424;471;51.03;Автобусы
425;471;51.04;Автопогрузчики
426;471;51.04.01;Навесное оборудование к погрузчикам
427;471;51.05;Аэродромная техника
428;471;52.01;Запасные части к легковой технике
429;471;52.01.01;Ремонт легкового автотранспорта
430;471;52.02;Запасные части к грузовой технике
431;471;52.03;Запасные части к автобусам
432;471;52.04;Запасные части к автопогрузчикам
433;471;53.01;Подшипники качения
434;471;53.02;Подшипники скольжения
435;471;53.03;Запчасти к авиационной технике
436;471;54.01;Тракторы
437;471;54.01.01;Ремонт тракторов
438;471;54.01.02;Ремонт дизельных двигателей
439;471;54.01.03;Ремонт и техническое обслуживание наземного аэродромного оборудования
440;471;54.02;Машины сельскохозяйственные
441;471;54.03;Машины для животноводства, птицеводства и кормопроизводства
442;471;55.01;дорожно-строительня техника
443;471;55.01.01;Зап.части и навесное оборудование к коммунальной и дорожно-строительной технике
444;471;56.01;ЗАПАСНЫЕ ЧАСТИ К ТРАКТОРНОЙ И СЕЛЬСКОХОЗЯЙСТВЕННОЙ ТЕХНИКЕ
445;471;56.02;ЗАПАСНЫЕ ЧАСТИ К САМОЛЕТАМ
446;471;57.01;Пожарное оборудование
447;471;58.01;Вентиляционное оборудование
448;471;58.02;Кондиционеры
449;471;58.04;Трубы шахтные
450;471;59.01;Конструкции каркасов зданий
451;471;59.02;Конструкции и изделия (элементы) строительные из алюминия и алюминиевых сплавов
452;471;59.02.01;Механические и электрические системы защиты от солнца, элементы оформления окон
453;471;60.01;Оборудование телефонное и телеграфное
454;471;60.02;Аппаратура высокочастотной связи по контактным и распределительным сетям и комплекты зап.частей
455;471;60.03;шкафы телекоммуникационные
456;471;61.01;Лесоматериалы круглые
457;471;61.02;Щепа технологическая для производства
458;471;61.02.01;Древесный уголь
459;471;61.02.02;Топливные брикеты
460;471;61.03;Продукция шпалопиления
461;471;61.04;Изделия деревянные строительные
462;471;61.05;Пиломатериалы хвойных пород
463;471;62.00;Целлюлоза
464;471;62.01;Бумага
465;471;62.02;Бумага диаграммная
466;471;62.03;Картон (включая бумагу для гофрирования)
467;471;62.04;Тара транспортная из бумаги и картона
468;471;62.05;Биг-бэги
469;471;62.06;Пленка полипропиленовая
470;471;62.07;Мешки полипропиленовые, пакеты полиэтиленовые
471;471;62.08;Рукава для хранения сельскохозяйственной продукции
472;471;62.09;Книги научно-технические, справочники и др.
473;471;62.10;Макулатура
474;471;63.01;Материалы строительные нерудные
475;471;63.01.01;Базальтовая крошка
476;471;63.01.02;Мраморная крошка, мраморный щебень, мраморный песок
477;471;63.02;Песок строительный природный
478;471;63.03;Смеси асфальтобетонные дорожные, аэродромные и асфальтобетон (горячие и теплые)
479;471;63.04;Цемент
480;471;63.05;Цемент глиноземистый и цемент глиноземистый со специальными требованиями
481;471;63.06;Материалы стеновые (без стеновых железобетонных панелей)
482;471;63.07;Известь
483;471;63.08;Смеси бетонные и растворы строительные
484;471;63.09;Глина
485;471;63.10;Изделия керамические облицовочные
486;471;63.11;Изделия керамические кислотоупорные
487;471;63.12;Материалы тепло- и звукоизоляционные
488;471;63.13;Изделия минераловатные тепло- и звукоизоляционные
489;471;63.14;Материалы отделочные
490;471;63.14.1;Материалы отделочные. Подвесной потолок
491;471;63.14.2;Материалы отделочные. Гипсокартонные системы
492;471;63.14.3;Материалы отделочные. Строительно-отделочные смеси
493;471;63.14.4;Материалы отделочные. Напольные покрытия
494;471;63.14.5;Материалы отделочные. Инструмент
495;471;63.14.6;Материалы отделочные. Леса строительные
496;471;63.14.7;Материалы отделочные. Обои, краска для обоев, клей
497;471;63.14.8;Материалы отделочные
498;471;63.15;Материалы рулонные кровельные и гидроизоляционные (материалы мягкие кровельные и изоляционные)
499;471;63.16;Материалы с применением фольги
500;471;63.17;Шифер, листы асбестоцементные
501;471;63.18;Трубы и муфты асбестоцементные
502;471;63.19;Сантехника
503;471;63.19.1;Сантехника керамическая
504;471;63.19.2;Водопроводная система
505;471;63.19.3;Канализационная система
506;471;63.20;ПРОДУКЦИЯ ФАНЕРНОГО ПРОИЗВОДСТВА, ПЛИТЫ
507;471;63.21;Материалы асфальтовые
508;471;63.22;Камень брусчатый для дорожных покрытий
509;471;63.23;кровельный материал
510;471;64.01;ЖБИ
511;471;65.01;Стекло строительное и материалы отделочные из стекла
512;471;65.02;Стекло техническое
513;471;66.01;Мебель
514;471;67.01;ПРОДУКЦИЯ ТРИКОТАЖНОЙ ПРОМЫШЛЕННОСТИ
515;471;67.02;Сырье для трикотажной промышленности
516;471;67.03;Запчасти для трикотажной промышленности
517;471;68.01;Спецодежда
518;471;68.02;Спецобувь
519;471;68.03;СИЗ
520;471;68.04;Ткани
521;471;68.05;Рукава фильтровальные. Фильтрующие элементы
522;471;69.01;МЕДИКАМЕНТЫ И ПРОДУКЦИЯ МЕДИЦИНСКОГО НАЗНАЧЕНИЯ
523;471;69.01.01;Лекарственные средства, продукция медицинского назначения
524;471;69.01.02;Медоборудование, комплектующие
525;471;70.01;Бытовая техника
526;471;71.01;Лабораторная посуда
527;471;71.02;Лабораторные приборы и оборудование, расходные материалы (тест-полоски)
528;471;71.03;Лабораторная мебель
529;471;71.04;Лабораторные приборы
530;471;72.01;Автохимия
531;471;73.01;Банковская техника
532;471;73.02;Расходные материалы к банковской технике
533;471;73.03;Сейфы
534;471;73.03.01;Металлическая мебель
535;471;74.01;Канцтовары
536;471;74.02;Штампы и печати
537;471;75.01;Типографская продукция
538;471;76.01;Полиграфия
539;471;77.01;рекламная продукция
540;471;77.02;рекламные услуги
541;471;77.03;мобильное выставочное и торговое оборудование
542;471;77.04;ОРГАНИЗАЦИЯ ДОРОЖНОГО ДВИЖЕНИЯ
543;471;77.05;автоаксессуары
544;471;77.06;Упаковка и маркировка товара
545;471;78.01;утилизация автошин
546;471;78.02;утилизация аккумуляторных батарей
547;471;78.03;УТИЛИЗАЦИЯ металлолом
548;471;78.04;утилизация ламп
549;471;79.01;Взрывчатые вещества
550;471;8.00;Новогодние подарки
551;471;80.01;Оборудование для изготовления картонной и бумажной тары с печатными текстами и рисунками
552;471;80.02;Оборудование для разлива и фасовки
553;471;81.01;Хозинвентарь
554;471;81.01.01;Лестницы
555;471;81.02;Строительный инвентарь
556;471;81.03;Дезинфицирующие и моющие средства
557;471;81.04;Гигиенические средства
558;471;81.05;Оборудование для уборки
559;471;82.01;Выполнение буровых и буровзрывных работ
560;471;83.01;Услуги по дератизации и дезинфекции
561;471;83.02;Услуги по стирке рабочей спецодежды
562;471;84.00;Охрана и сопровождение грузов
563;471;84.01;охрана и сопровождение любых грузов по автомобильной дороге
564;471;84.02;Системы охранной безопасности
565;471;84.03;Физическая охрана объектов
566;471;85.00;ЭКСПЕРТИЗА И ПАСПОРТИЗАЦИЯ (ПЛАС)
567;471;85.01;ЭКСПЕРТИЗА И ПАСПОРТИЗАЦИЯ (зданий и сооружений)
568;471;85.02;ЭКСПЕРТИЗА И ПАСПОРТИЗАЦИЯ (механизмов и автокранов)
569;471;85.03;ЭКСПЕРТИЗА И ПАСПОРТИЗАЦИЯ (металлических конструкций и кранов)
570;471;85.04;ЭКСПЕРТИЗА И ПАСПОРТИЗАЦИЯ (различного оборудования)
571;471;85.05;ЭКСПЕРТИЗА И ПАСПОРТИЗАЦИЯ (электроустановок)
572;471;86.00;ЭКОЛОГИЯ (ОВОС)
573;471;86.01;Инвентаризация и паспортизация источников
574;471;86.02;Услуги в области экологии (разработка проектов санзоны)
575;471;86.03;Услуги в области экологии (аудит)
576;471;86.03.01;Энергоаудит
577;471;86.04;Услуги в области экологии (утилизация отходов)
578;471;86.05;Услуги в области экологии (инвентаризация стоков)
579;471;86.06;Медицинское обследование физических лиц
580;471;87.00;Сертификация
581;471;87.01;Юстирование
582;471;87.02;Госпроверка
583;471;87.03;Калибровка
584;471;87.04;Аттестация
585;471;88.01;Проектирование установок пожарной сигнализации
586;471;88.02;Монтаж установок пожарной сигнализации
587;471;88.03;Наладка установок пожарной сигнализации
588;471;88.04;Техническое обслуживание установок пожарной сигнализации
589;471;88.04.01;Монтаж и техническое обслуживание средств противопожарной защиты
590;471;88.04.02;Защита огнезащитными материалами зданий и конструкций
591;471;88.04.03;Защита огнезащитными материалами кабелной продукции
592;471;88.04.04;Защита огнезащитными материалами деревянных конструкций
593;471;88.05;Водолазные работы
594;471;88.06;Картография
595;471;89.01;Помывка окон
596;471;89.02;Валка деревьев
597;471;89.03;Мойка фасадов
598;471;9.01;Рельс и рельсовые скрепления
599;471;9.02;Продукция шпалопиления, РШР
600;471;9.03;стрелочные переводы и их комплектующие
601;471;9.04;ж/д крепеж (кроме позиций Дружковского метизного завода)
602;471;90.00;Независимая оценка недвежимого имущества
603;471;90.01;Независимая оценка машин и оборудования, автотранспорта
604;471;90.02;Независимая оценка товаров в обороте
605;471;90.03;Независимая оценка целых имущественных комплексов
606;471;90.04;Независимая оценка нематериальных активов
607;471;90.05;Независимая оценка земельных участков
608;471;90.06;Независимая оценка материального ущерба
609;471;91.00;Обучение
610;471;92.00;Очистка и промывка труб канализации
611;471;93.00;Системы управления качеством
612;471;94.00;Промышленный альпинизм
613;471;95.00;Электроизмерительные работы
614;471;96.00;Сборные жилые и производственные модули
615;471;97.00;Дизайн помещений, ландшафтный дизайн
616;471;98.00;Детские площадки
617;471;99.00;Демонтаж
618;471;99.01;Аренда строительной техники
619;471;;Изыскательские работы для строительства
620;471;1.00.00;Инженерно-геодезические
621;471;1.01.00;Инженерно-геологические
622;471;1.02.00;Инженерно-гидрометеорологические
623;471;1.03.00;Для рационального использования и охраны окружающей среды
624;471;1.04.00;Специализированные
625;471;1.05.00;Изыскания для зданий, сооружений и инженерных сетей в соответствии с классами последствий (ответственности): класс СС3 — значительные последствия, СС2 — средние последствия, СС1 — незначительные последствия
626;471;1.06.00;Разработка градостроительной документации
627;471;2.00.00;Схемы планирования территорий
628;471;2.01.00;Генеральные планы населенных пунктов
629;471;2.02.00;Детальные планы территорий
630;471;2.03.00;Проекты застройки территорий
631;471;2.04.00;Инженерной инфраструктуры населенных пунктов
632;471;2.05.00;Инженерная защита территорий, гражданская оборона
633;471;2.06.00;Транспортной инфраструктуры населенных пунктов
634;471;2.07.00;Охраны окружающей среды
635;471;2.08.00;Проектирование объектов архитектуры
636;471;3.00.00;Проектирование жилых зданий и гостиниц
637;471;3.01.01;Проектирование общественных зданий и сооружений
638;471;3.01.02;Проектирование зданий и сооружений промышленных предприятий
639;471;3.02.01;Проектирование инженерных сооружений
640;471;3.02.02;Проектирование зданий и сооружений сельскохозяйственного назначений, лесничества и рыбного хозяйства
641;471;3.02.03;Проектирование горных сооружений
642;471;3.02.04;Проектирование энергетических сооружений и комплексов
643;471;3.02.05;Проектирование гидротехнических сооружений и комплексов
644;471;3.02.06;Проектирование специальных зданий и сооружений военного, оборонного назначения, правохранительных органов и гражданской обороны
645;471;3.03.00;Проектирование объектов экспериментального строительства
646;471;3.04.00;Проектирование транспортных сетей, сооружений и комплексов
647;471;3.05.00;Проектирование железнодорожных путей
648;471;3.05.01;Проектирование дорог автомобильных
649;471;3.05.02;Проектирование мостов, путепроводов, переходов
650;471;3.05.03;Проектирование аэродромов и вертодромов
651;471;3.05.04;Проектирование тоннелей и метрополитенов
652;471;3.05.05;Проектирование местного транспорта
653;471;3.05.06;Проектирование вертикального транспорта (лифты, эскалаторы, подъемники и т.д.)
654;471;3.05.07;Проектирование магистральных нефте-газопроводов, сооружений и оборудования
655;471;3.06.00;Реставрация, консервация, ремонтные работы, реабилитация памятников культурного наследия
656;471;3.07.00;Конструирование несущих и ограждающих конструкций
657;471;3.08.00;Класс последствий (ответственности) объекта проектирования: класс СС3 — значительные последствия, класс СС2 — средние последствия, класс СС1 — незначительные последствия
658;471;3.09.00;Условия проектирования: обычные, территории с повышенной сейсмичностью, территории со сложными инженерно-геологическими условиями
659;471;3.10.00;Проектирование внутренних инженерных сетей и систем
660;471;3.11.00;Проектирование внутренних сетей водопровода и канализации
661;471;3.11.01;Проектирование внутренних сетей отопления
662;471;3.11.02;Проектирование внутренних сетей вентиляции и кондиционирования воздуха
663;471;3.11.03;Проектирование внутренних сетей газоснабжения и газооборудования
664;471;3.11.04;Проектирование внутренних сетей холодоснабжения промышленного
665;471;3.11.05;Проектирование внутренних сетей электроснабжения, электрооборудования и электроосвещения
666;471;3.11.06;Проектирование автоматизации и контрольно-измерительных приборов
667;471;3.11.07;Проектирование внутренних сетей связи, сигнализации, радио, телевидения, информационных
668;471;3.11.08;Проектирование внутренних сетей технологических сетей и систем
669;471;3.11.09;Проектирование внешних инженерных сетей, систем и сооружений
670;471;3.12.00;Проектирование внешних сетей водоснабжения
671;471;3.12.01;Проектирование внешних сетей канализации
672;471;3.12.02;Проектирование внешних сетей тепловых сетей
673;471;3.12.03;Проектирование внешних сетей газоснабжения
674;471;3.12.04;Проектирование внешних сетей электроснабжения и электрооборудования
675;471;3.12.05;Проектирование внешних сетей связи, сигнализации, радио, телевидения, информационных
676;471;3.12.06;Класс последствий (ответственности) внешних инженерных сетей, систем и сооружений объекта проектирования: класс СС3 — значительные последствия, класс СС2 — средние последствия, класс СС1 — незначительные последствия
677;471;3.12.07;Технологическое проектирование
678;471;3.13.00;Строительные и монтажные работы
679;471;4.00.00;Разработка грунтов, устройство грунтовых сооружений
680;471;4.01.00;Устройство оснований и фундаментов сборных и монолитных
681;471;4.02.00;Устройство фундаментов с применением свай
682;471;4.03.00;Устройство фундаментов, что выполняются специальными способами
683;471;4.04.00;Возведение металлических конструкций
684;471;4.05.00;Возведение сборных бетонных и железобетонных конструкций
685;471;4.06.00;Возведение монолитных бетонных, железобетонных и армоцементных конструкций
686;471;4.07.00;Возведение каменных и армокаменных конструкций
687;471;4.08.00;Возведение деревянных конструкций
688;471;4.09.00;Монтаж инженерных сооружений
689;471;4.10.00;Монтаж магистральных нефте-газопроводов, сооружений и оборудования
690;471;4.11.00;Строительство гидротехнических сооружений и комплексов
691;471;4.12.00;Выполнение подводно-технических работ
692;471;4.13.00;Разработка горных сооружений и комплексов
693;471;4.14.00;Реставрация, консервация, ремонтные работы, реабилитация памятников культурного наследия
694;471;4.15.00;Монтаж технологического оборудования
695;471;4.16.00;Выполнение пусконаладочных работ (определяется лицензиатом по видам технологического оборудования)
696;471;4.17.00;Класс последствий (ответственности) объектов строительства: класс СС3 — значительные последствия, класс СС2 — средние последствия, класс СС1 — незначительные последствия
697;471;4.18.00;Условия строительства: обычные, территории повышенной сейсмичности, территории со сложными инженерно-геологическими условиями
698;471;4.19.00;Монтаж инженерных сетей
699;471;5.00.00;Монтаж внутренних инженерных сетей, систем, приборов и средств измерения
700;471;5.01.00;Монтаж внутренних сетей водопровода и канализации
701;471;5.01.01;Монтаж внутренних сетей отопления
702;471;5.01.02;Монтаж внутренних сетей вентиляции и кондиционирования воздуха
703;471;5.01.03;Монтаж внутренних сетей газоснабжения и газооборудования
704;471;5.01.04;Монтаж внутренних технологических трубопроводов
705;471;5.01.05;Монтаж внутренних сетей холодоснабжения промышленного
706;471;5.01.06;Монтаж внутреннего электроснабжения, электрооборудования и электроосвещения
707;471;5.01.07;Монтаж внутренних сетей автоматизации и контрольно-измерительных приборов
708;471;5.01.08;Монтаж внутренних сетей связи, сигнализации, радио, телевидения, информационных (монтаж)
709;471;5.01.09;Монтаж внешних инженерных сетей, систем, приборов и средств измерения
710;471;5.02.00;Монтаж внешних сетей водоснабжения
711;471;5.02.01;Монтаж внешних инженерных сетей канализации
712;471;5.02.02;Монтаж внешних инженерных сетей тепловых и горячего водоснабжения
713;471;5.02.03;Монтаж внешних инженерных сетей газоснабжения
714;471;5.02.04;Монтаж внешних инженерных сетей магистральных продуктопроводов
715;471;5.02.05;Монтаж внешних инженерных сетей электроснабжения и электроосвещения
716;471;5.02.06;Монтаж внешних инженерных сетей связи, сигнализации, радио, телевидения, информационных
717;471;5.02.07;Класс последствий (ответственности) инженерных сетей, систем и сооружений объекта проектирования: класс СС3 — значительные последствия, класс СС2 — средние последствия, класс СС1 — незначительные последствия
718;471;5.02.08;Строительство транспортных сооружений
719;471;6.00.00;Железнодорожных путей
720;471;6.01.00;Дорог автомобильных
721;471;6.02.00;Мостов, путепроводов, переходов
722;471;6.03.00;Аэродромов и вертодромов
723;471;6.04.00;Тоннелей и метрополитенов
724;471;6.05.00;Местного транспорта
725;471;6.06.00;Вертикального транспорта (лифты, эскалаторы, подъемники и т.д.)
726;471;6.07.00;Класс последствий (ответственности)транспортных сооружений: класс СС3 — значительные последствия, класс СС2 — средние последствия, класс СС1 — незначительные последствия
727;471;6.08.00;Условия строительства: обычные, территории повышенной сейсмичности, территории со сложными инженерно-геологическими условиями
728;471;6.09.00;Инжениринговая деятельность в сфере строительства
729;471;7.00.00;Генеральный разработчик в проектировании (в соответствии с разделом 3.00.00)
730;471;7.01.00;Технический осмотр и оценка строительных конструкций зданий сооружений и инженерных сетей
731;471;7.02.00;Обследование и оценка технического состояния строительных конструкций зданий, сооружений и инженерных сетей (определение параметров и характеристик материалов и конструкций с применением специального оборудования, приборов и аппаратуры на объектах и в лабораториях)
732;471;7.03.00;Генеральный подрядчик в строительстве
733;471;7.04.00;Проект производства строительных работ
734;471;7.05.00;Прочие работы, не вошедшие в лицензионный перечень
735;471;8.00.00;Остекление (алюминиевые и металопластиковые к-ции)
736;471;8.01.00;Фасадные работы
737;471;8.02.00;Устройство кровли
738;471;8.03.00;Внутренняя отделка помещений
739;471;8.04.00;Защита к-ций, оборудования и сетей
740;471;8.05.00;Гидроизоляционная
741;471;8.05.01;Теплоизоляционная
742;471;8.05.02;Антикоррозионная
743;471;8.05.03;Электрическая и электрохимическая
